date_time,measurement_number,temp_C,relative_hum_NaCl,relative_hum_Ice
2018-12-19 00:00:00,11549,-20.167,53.306,64.41
2018-12-19 00:15:00,11550,-20.073,53.239,64.29
2018-12-19 00:30:00,11551,-19.839,53.167,64.06
2018-12-19 00:45:00,11552,-19.7,53.189,63.99
2018-12-19 01:00:00,11553,-19.469,53.389,64.04
2018-12-19 01:15:00,11554,-19.103,53.556,63.97
2018-12-19 01:30:00,11555,-18.787,53.797,64.01
2018-12-19 01:45:00,11556,-18.607,53.989,64.08
2018-12-19 02:00:00,11557,-18.385,54.242,64.19
2018-12-19 02:15:00,11558,-18.296,54.583,64.48
2018-12-19 02:30:00,11559,-18.12,55.02,64.80
2018-12-19 02:45:00,11560,-18.032,55.496,65.22
2018-12-19 03:00:00,11561,-17.988,56.153,65.85
2018-12-19 03:15:00,11562,-18.032,56.929,66.65
2018-12-19 03:30:00,11563,-18.076,57.702,67.45
2018-12-19 03:45:00,11564,-18.076,58.56,68.31
2018-12-19 04:00:00,11565,-18.032,59.423,69.14
2018-12-19 04:15:00,11566,-18.076,60.213,69.96
2018-12-19 04:30:00,11567,-17.944,60.953,70.62
2018-12-19 04:45:00,11568,-17.988,61.686,71.38
2018-12-19 05:00:00,11569,-17.944,62.247,71.91
2018-12-19 05:15:00,11570,-17.901,62.808,72.44
2018-12-19 05:30:00,11571,-17.988,63.264,72.96
2018-12-19 05:45:00,11572,-18.164,63.571,73.38
2018-12-19 06:00:00,11573,-18.252,63.764,73.63
2018-12-19 06:15:00,11574,-18.252,63.894,73.76
2018-12-19 06:30:00,11575,-18.385,64.13,74.08
2018-12-19 06:45:00,11576,-18.474,64.321,74.33
2018-12-19 07:00:00,11577,-18.697,64.487,74.64
2018-12-19 07:15:00,11578,-18.967,64.617,74.95
2018-12-19 07:30:00,11579,-19.103,64.565,74.98
2018-12-19 07:45:00,11580,-19.377,64.486,75.08
2018-12-19 08:00:00,11581,-19.654,64.407,75.18
2018-12-19 08:15:00,11582,-19.933,64.354,75.31
2018-12-19 08:30:00,11583,-20.12,64.318,75.40
2018-12-19 08:45:00,11584,-20.356,64.273,75.50
2018-12-19 09:00:00,11585,-20.547,64.314,75.67
2018-12-19 09:15:00,11586,-20.738,64.226,75.71
2018-12-19 09:30:00,11587,-21.028,64.015,75.68
2018-12-19 09:45:00,11588,-21.223,63.901,75.70
2018-12-19 10:00:00,11589,-21.469,63.828,75.78
2018-12-19 10:15:00,11590,-21.716,63.807,75.92
2018-12-19 10:30:00,11591,-22.016,63.75,76.06
2018-12-19 10:45:00,11592,-22.371,63.836,76.38
2018-12-19 11:00:00,11593,-22.833,63.825,76.67
2018-12-19 11:15:00,11594,-23.409,63.817,77.03
2018-12-19 11:30:00,11595,-23.781,63.873,77.33
2018-12-19 11:45:00,11596,-24.105,63.989,77.66
2018-12-19 12:00:00,11597,-24.433,64.13,78.01
2018-12-19 12:15:00,11598,-24.709,64.305,78.37
2018-12-19 12:30:00,11599,-24.932,64.439,78.64
2018-12-19 12:45:00,11600,-25.214,64.587,78.98
2018-12-19 13:00:00,11601,-25.441,64.744,79.28
2018-12-19 13:15:00,11602,-25.728,64.839,79.56
2018-12-19 13:30:00,11603,-26.019,64.908,79.82
2018-12-19 13:45:00,11604,-26.253,64.963,80.03
2018-12-19 14:00:00,11605,-26.49,65.067,80.29
2018-12-19 14:15:00,11606,-26.609,65.143,80.44
2018-12-19 14:30:00,11607,-26.669,65.307,80.64
2018-12-19 14:45:00,11608,-26.789,65.408,80.82
2018-12-19 15:00:00,11609,-26.91,65.459,80.95
2018-12-19 15:15:00,11610,-27.031,65.46,81.03
2018-12-19 15:30:00,11611,-27.214,65.424,81.11
2018-12-19 15:45:00,11612,-27.398,65.337,81.15
2018-12-19 16:00:00,11613,-27.646,65.213,81.18
2018-12-19 16:15:00,11614,-27.833,65.176,81.27
2018-12-19 16:30:00,11615,-27.959,65.126,81.30
2018-12-19 16:45:00,11616,-28.213,64.976,81.31
2018-12-19 17:00:00,11617,-28.469,64.8,81.30
2018-12-19 17:15:00,11618,-28.727,64.674,81.35
2018-12-19 17:30:00,11619,-28.858,64.624,81.38
2018-12-19 17:45:00,11620,-28.923,64.586,81.39
2018-12-19 18:00:00,11621,-28.989,64.523,81.37
2018-12-19 18:15:00,11622,-28.989,64.498,81.34
2018-12-19 18:30:00,11623,-28.923,64.486,81.29
2018-12-19 18:45:00,11624,-28.858,64.524,81.28
2018-12-19 19:00:00,11625,-28.727,64.55,81.22
2018-12-19 19:15:00,11626,-28.598,64.6,81.19
2018-12-19 19:30:00,11627,-28.404,64.638,81.10
2018-12-19 19:45:00,11628,-28.213,64.626,80.96
2018-12-19 20:00:00,11629,-27.959,64.626,80.80
2018-12-19 20:15:00,11630,-27.833,64.626,80.72
2018-12-19 20:30:00,11631,-27.708,64.626,80.64
2018-12-19 20:45:00,11632,-27.584,64.6,80.53
2018-12-19 21:00:00,11633,-27.398,64.612,80.42
2018-12-19 21:15:00,11634,-27.214,64.623,80.31
2018-12-19 21:30:00,11635,-27.031,64.659,80.23
2018-12-19 21:45:00,11636,-26.789,64.706,80.12
2018-12-19 22:00:00,11637,-26.609,64.742,80.04
2018-12-19 22:15:00,11638,-26.253,64.787,79.85
2018-12-19 22:30:00,11639,-26.019,64.833,79.75
2018-12-19 22:45:00,11640,-25.728,64.865,79.59
2018-12-19 23:00:00,11641,-25.498,64.91,79.48
2018-12-19 23:15:00,11642,-25.27,64.955,79.38
2018-12-19 23:30:00,11643,-24.988,65.01,79.25
2018-12-19 23:45:00,11644,-24.654,65.101,79.13
2018-12-20 00:00:00,11645,-24.488,65.209,79.13
2018-12-20 00:15:00,11646,-24.269,65.278,79.05
2018-12-20 00:30:00,11647,-24.051,65.397,79.03
2018-12-20 00:45:00,11648,-24.051,65.473,79.11
2018-12-20 01:00:00,11649,-23.781,65.475,78.93
2018-12-20 01:15:00,11650,-23.462,65.614,78.86
2018-12-20 01:30:00,11651,-23.25,65.757,78.87
2018-12-20 01:45:00,11652,-22.989,65.936,78.88
2018-12-20 02:00:00,11653,-22.729,65.937,78.71
2018-12-20 02:15:00,11654,-22.32,66.043,78.55
2018-12-20 02:30:00,11655,-22.016,66.103,78.41
2018-12-20 02:45:00,11656,-21.766,66.076,78.22
2018-12-20 03:00:00,11657,-21.321,66.164,78.02
2018-12-20 03:15:00,11658,-20.98,66.309,77.95
2018-12-20 03:30:00,11659,-20.738,66.407,77.89
2018-12-20 03:45:00,11660,-20.499,66.429,77.75
2018-12-20 04:00:00,11661,-20.12,66.325,77.40
2018-12-20 04:15:00,11662,-19.979,66.251,77.24
2018-12-20 04:30:00,11663,-19.607,66.067,76.81
2018-12-20 04:45:00,11664,-19.24,65.934,76.44
2018-12-20 05:00:00,11665,-19.149,65.9,76.35
2018-12-20 05:15:00,11666,-19.103,65.78,76.20
2018-12-20 05:30:00,11667,-18.877,65.721,75.99
2018-12-20 05:45:00,11668,-18.607,65.851,75.95
2018-12-20 06:00:00,11669,-18.385,66.024,75.97
2018-12-20 06:15:00,11670,-18.164,66.196,76.00
2018-12-20 06:30:00,11671,-18.34,66.471,76.39
2018-12-20 06:45:00,11672,-18.429,66.582,76.56
2018-12-20 07:00:00,11673,-18.252,66.411,76.27
2018-12-20 07:15:00,11674,-18.208,66.394,76.23
2018-12-20 07:30:00,11675,-18.563,66.453,76.52
2018-12-20 07:45:00,11676,-18.787,66.203,76.41
2018-12-20 08:00:00,11677,-18.922,65.996,76.30
2018-12-20 08:15:00,11678,-18.967,66.038,76.37
2018-12-20 08:30:00,11679,-19.149,65.874,76.32
2018-12-20 08:45:00,11680,-19.285,65.822,76.36
2018-12-20 09:00:00,11681,-19.24,65.805,76.31
2018-12-20 09:15:00,11682,-19.24,65.676,76.18
2018-12-20 09:30:00,11683,-19.194,65.556,76.03
2018-12-20 09:45:00,11684,-19.746,65.68,76.51
2018-12-20 10:00:00,11685,-19.979,65.634,76.62
2018-12-20 10:15:00,11686,-19.7,65.432,76.24
2018-12-20 10:30:00,11687,-18.967,65.755,76.08
2018-12-20 10:45:00,11688,-18.922,66.022,76.32
2018-12-20 11:00:00,11689,-19.058,65.969,76.36
2018-12-20 11:15:00,11690,-19.24,65.908,76.41
2018-12-20 11:30:00,11691,-19.561,65.819,76.53
2018-12-20 11:45:00,11692,-19.331,66.019,76.58
2018-12-20 12:00:00,11693,-19.058,66.432,76.82
2018-12-20 12:15:00,11694,-18.967,67.066,77.39
2018-12-20 12:30:00,11695,-19.058,67.611,78.00
2018-12-20 12:45:00,11696,-19.377,67.93,78.53
2018-12-20 13:00:00,11697,-19.979,68.164,79.15
2018-12-20 13:15:00,11698,-20.738,68.035,79.51
2018-12-20 13:30:00,11699,-21.617,67.679,79.73
2018-12-20 13:45:00,11700,-22.833,67.307,80.15
2018-12-20 14:00:00,11701,-23.997,66.87,80.47
2018-12-20 14:15:00,11702,-25.101,66.372,80.69
2018-12-20 14:30:00,11703,-26.371,65.441,80.58
2018-12-20 14:45:00,11704,-27.584,64.6,80.53
2018-12-20 15:00:00,11705,-28.792,63.888,80.60
2018-12-20 15:15:00,11706,-29.722,63.307,80.63
2018-12-20 15:30:00,11707,-30.34,62.713,80.43
2018-12-20 15:45:00,11708,-30.619,62.409,80.31
2018-12-20 16:00:00,11709,-30.973,62.141,80.27
2018-12-20 16:15:00,11710,-31.333,61.973,80.34
2018-12-20 16:30:00,11711,-31.772,61.689,80.34
2018-12-20 16:45:00,11712,-32.369,61.376,80.42
2018-12-20 17:00:00,11713,-32.983,60.986,80.42
2018-12-20 17:15:00,11714,-33.534,60.683,80.48
2018-12-20 17:30:00,11715,-33.936,60.433,80.49
2018-12-20 17:45:00,11716,-34.262,60.247,80.52
2018-12-20 18:00:00,11717,-34.427,60.092,80.47
2018-12-20 18:15:00,11718,-34.677,59.996,80.54
2018-12-20 18:30:00,11719,-34.761,59.831,80.43
2018-12-20 18:45:00,11720,-34.761,59.756,80.35
2018-12-20 19:00:00,11721,-34.593,59.637,80.12
2018-12-20 19:15:00,11722,-34.262,59.524,79.79
2018-12-20 19:30:00,11723,-33.936,59.559,79.62
2018-12-20 19:45:00,11724,-33.296,59.552,79.19
2018-12-20 20:00:00,11725,-32.828,59.663,79.00
2018-12-20 20:15:00,11726,-32.521,59.845,78.98
2018-12-20 20:30:00,11727,-31.92,60.082,78.83
2018-12-20 20:45:00,11728,-31.045,60.37,78.55
2018-12-20 21:00:00,11729,-30.34,60.577,78.30
2018-12-20 21:15:00,11730,-29.386,60.703,77.80
2018-12-20 21:30:00,11731,-28.469,60.797,77.30
2018-12-20 21:45:00,11732,-27.398,60.919,76.73
2018-12-20 22:00:00,11733,-26.849,61.123,76.57
2018-12-20 22:15:00,11734,-26.253,60.951,76.02
2018-12-20 22:30:00,11735,-25.441,60.818,75.35
2018-12-20 22:45:00,11736,-25.157,60.999,75.35
2018-12-20 23:00:00,11737,-24.323,60.843,74.65
2018-12-20 23:15:00,11738,-24.214,60.992,74.73
2018-12-20 23:30:00,11739,-24.654,61.169,75.19
2018-12-20 23:45:00,11740,-24.105,61.193,74.86
2018-12-21 00:00:00,11741,-23.781,61.588,75.05
2018-12-21 00:15:00,11742,-22.524,61.587,74.23
2018-12-21 00:30:00,11743,-21.223,61.462,73.26
2018-12-21 00:45:00,11744,-20.262,61.272,72.44
2018-12-21 01:00:00,11745,-19.285,60.923,71.46
2018-12-21 01:15:00,11746,-18.518,60.691,70.73
2018-12-21 01:30:00,11747,-18.12,60.524,70.30
2018-12-21 01:45:00,11748,-18.787,60.775,70.99
2018-12-21 02:00:00,11749,-18.518,60.797,70.83
2018-12-21 02:15:00,11750,-18.164,60.755,70.56
2018-12-21 02:30:00,11751,-17.553,60.572,69.98
2018-12-21 02:45:00,11752,-16.997,60.085,69.13
2018-12-21 03:00:00,11753,-16.87,59.787,68.75
2018-12-21 03:15:00,11754,-17.338,59.598,68.87
2018-12-21 03:30:00,11755,-17.467,59.415,68.77
2018-12-21 03:45:00,11756,-17.64,59.331,68.80
2018-12-21 04:00:00,11757,-17.683,59.27,68.76
2018-12-21 04:15:00,11758,-17.683,59.324,68.82
2018-12-21 04:30:00,11759,-17.64,59.385,68.85
2018-12-21 04:45:00,11760,-17.597,59.365,68.80
2018-12-21 05:00:00,11761,-17.683,59.617,69.11
2018-12-21 05:15:00,11762,-17.77,59.815,69.37
2018-12-21 05:30:00,11763,-17.77,60.081,69.63
2018-12-21 05:45:00,11764,-17.683,60.283,69.78
2018-12-21 06:00:00,11765,-17.683,60.416,69.91
2018-12-21 06:15:00,11766,-17.64,60.503,69.97
2018-12-21 06:30:00,11767,-17.77,60.507,70.06
2018-12-21 06:45:00,11768,-17.813,60.526,70.10
2018-12-21 07:00:00,11769,-17.944,60.502,70.17
2018-12-21 07:15:00,11770,-18.076,60.479,70.23
2018-12-21 07:30:00,11771,-18.252,60.527,70.39
2018-12-21 07:45:00,11772,-18.474,60.62,70.63
2018-12-21 08:00:00,11773,-18.787,60.802,71.01
2018-12-21 08:15:00,11774,-18.877,60.917,71.19
2018-12-21 08:30:00,11775,-19.103,60.903,71.32
2018-12-21 08:45:00,11776,-19.377,60.775,71.37
2018-12-21 09:00:00,11777,-19.654,60.777,71.55
2018-12-21 09:15:00,11778,-19.793,60.805,71.67
2018-12-21 09:30:00,11779,-20.12,60.825,71.90
2018-12-21 09:45:00,11780,-20.12,60.798,71.88
2018-12-21 10:00:00,11781,-20.69,60.774,72.22
2018-12-21 10:15:00,11782,-20.883,60.739,72.31
2018-12-21 10:30:00,11783,-21.272,60.512,72.34
2018-12-21 10:45:00,11784,-21.223,60.075,71.87
2018-12-21 11:00:00,11785,-21.321,60.162,72.02
2018-12-21 11:15:00,11786,-22.016,60.273,72.58
2018-12-21 11:30:00,11787,-22.524,60.547,73.19
2018-12-21 11:45:00,11788,-22.524,61.12,73.76
2018-12-21 12:00:00,11789,-22.117,61.766,74.14
2018-12-21 12:15:00,11790,-22.218,62.24,74.68
2018-12-21 12:30:00,11791,-22.524,62.494,75.13
2018-12-21 12:45:00,11792,-22.678,62.62,75.36
2018-12-21 13:00:00,11793,-23.041,62.577,75.55
2018-12-21 13:15:00,11794,-23.621,62.494,75.85
2018-12-21 13:30:00,11795,-24.105,62.403,76.07
2018-12-21 13:45:00,11796,-24.543,62.295,76.25
2018-12-21 14:00:00,11797,-24.876,62.258,76.43
2018-12-21 14:15:00,11798,-25.157,62.334,76.69
2018-12-21 14:30:00,11799,-25.384,62.368,76.87
2018-12-21 14:45:00,11800,-25.556,62.361,76.97
2018-12-21 15:00:00,11801,-25.671,62.39,77.08
2018-12-21 15:15:00,11802,-25.902,62.346,77.18
2018-12-21 15:30:00,11803,-26.136,62.353,77.34
2018-12-21 15:45:00,11804,-26.431,62.323,77.50
2018-12-21 16:00:00,11805,-26.669,62.278,77.61
2018-12-21 16:15:00,11806,-26.91,62.182,77.67
2018-12-21 16:30:00,11807,-27.214,62.099,77.79
2018-12-21 16:45:00,11808,-27.46,62.002,77.85
2018-12-21 17:00:00,11809,-27.646,61.941,77.91
2018-12-21 17:15:00,11810,-27.833,61.881,77.97
2018-12-21 17:30:00,11811,-27.959,61.857,78.03
2018-12-21 17:45:00,11812,-28.213,61.911,78.25
2018-12-21 18:00:00,11813,-28.598,61.914,78.50
2018-12-21 18:15:00,11814,-29.055,61.954,78.84
2018-12-21 18:30:00,11815,-29.386,61.815,78.92
2018-12-21 18:45:00,11816,-29.587,61.55,78.78
2018-12-21 19:00:00,11817,-30.063,61.335,78.88
2018-12-21 19:15:00,11818,-30.549,61.042,78.90
2018-12-21 19:30:00,11819,-30.973,60.61,78.74
2018-12-21 19:45:00,11820,-31.405,60.127,78.54
2018-12-21 20:00:00,11821,-31.624,59.784,78.34
2018-12-21 20:15:00,11822,-31.772,59.504,78.16
2018-12-21 20:30:00,11823,-32.069,59.324,78.17
2018-12-21 20:45:00,11824,-31.772,59.176,77.83
2018-12-21 21:00:00,11825,-31.551,59.241,77.75
2018-12-21 21:15:00,11826,-30.69,59.322,77.27
2018-12-21 21:30:00,11827,-29.32,59.597,76.66
2018-12-21 21:45:00,11828,-28.598,60.188,76.78
2018-12-21 22:00:00,11829,-28.022,60.65,76.86
2018-12-21 22:15:00,11830,-27.584,61.114,77.04
2018-12-21 22:30:00,11831,-26.849,61.557,77.01
2018-12-21 22:45:00,11832,-26.077,61.854,76.80
2018-12-21 23:00:00,11833,-25.613,62.12,76.77
2018-12-21 23:15:00,11834,-25.214,62.221,76.61
2018-12-21 23:30:00,11835,-24.988,62.314,76.56
2018-12-21 23:45:00,11836,-24.598,62.311,76.30
2018-12-22 00:00:00,11837,-24.214,62.28,76.02
2018-12-22 00:15:00,11838,-23.835,62.274,75.77
2018-12-22 00:30:00,11839,-23.409,62.276,75.49
2018-12-22 00:45:00,11840,-22.885,62.271,75.15
2018-12-22 01:00:00,11841,-22.473,62.322,74.93
2018-12-22 01:15:00,11842,-22.016,62.33,74.64
2018-12-22 01:30:00,11843,-21.716,62.308,74.42
2018-12-22 01:45:00,11844,-21.223,62.348,74.14
2018-12-22 02:00:00,11845,-20.883,62.281,73.85
2018-12-22 02:15:00,11846,-20.451,62.126,73.42
2018-12-22 02:30:00,11847,-20.073,62.013,73.06
2018-12-22 02:45:00,11848,-19.793,61.934,72.80
2018-12-22 03:00:00,11849,-19.607,61.889,72.63
2018-12-22 03:15:00,11850,-19.149,61.606,72.05
2018-12-22 03:30:00,11851,-18.967,61.376,71.70
2018-12-22 03:45:00,11852,-18.787,61.171,71.38
2018-12-22 04:00:00,11853,-18.697,61.082,71.24
2018-12-22 04:15:00,11854,-18.563,60.921,70.99
2018-12-22 04:30:00,11855,-18.34,60.776,70.70
2018-12-22 04:45:00,11856,-18.34,60.749,70.67
2018-12-22 05:00:00,11857,-18.076,60.77,70.52
2018-12-22 05:15:00,11858,-17.857,60.704,70.31
2018-12-22 05:30:00,11859,-17.901,60.616,70.25
2018-12-22 05:45:00,11860,-17.813,60.526,70.10
2018-12-22 06:00:00,11861,-17.727,60.541,70.06
2018-12-22 06:15:00,11862,-17.553,60.625,70.03
2018-12-22 06:30:00,11863,-17.64,60.636,70.10
2018-12-22 06:45:00,11864,-17.901,60.484,70.12
2018-12-22 07:00:00,11865,-17.857,60.889,70.50
2018-12-22 07:15:00,11866,-17.683,61.159,70.65
2018-12-22 07:30:00,11867,-17.813,61.241,70.82
2018-12-22 07:45:00,11868,-17.901,61.305,70.94
2018-12-22 08:00:00,11869,-17.901,61.437,71.07
2018-12-22 08:15:00,11870,-18.164,61.495,71.30
2018-12-22 08:30:00,11871,-18.12,61.477,71.26
2018-12-22 08:45:00,11872,-17.988,61.606,71.30
2018-12-22 09:00:00,11873,-18.429,61.605,71.58
2018-12-22 09:15:00,11874,-19.012,61.473,71.83
2018-12-22 09:30:00,11875,-19.515,61.25,71.93
2018-12-22 09:45:00,11876,-19.607,61.312,72.06
2018-12-22 10:00:00,11877,-19.746,61.497,72.33
2018-12-22 10:15:00,11878,-19.839,61.663,72.56
2018-12-22 10:30:00,11879,-19.886,61.917,72.84
2018-12-22 10:45:00,11880,-20.167,62.074,73.18
2018-12-22 11:00:00,11881,-20.595,61.969,73.36
2018-12-22 11:15:00,11882,-20.786,61.96,73.47
2018-12-22 11:30:00,11883,-21.125,62.027,73.76
2018-12-22 11:45:00,11884,-21.37,62.086,73.98
2018-12-22 12:00:00,11885,-21.617,62.119,74.17
2018-12-22 12:15:00,11886,-21.816,62.185,74.37
2018-12-22 12:30:00,11887,-22.016,62.252,74.56
2018-12-22 12:45:00,11888,-22.218,62.318,74.76
2018-12-22 13:00:00,11889,-22.371,62.393,74.93
2018-12-22 13:15:00,11890,-22.626,62.5,75.21
2018-12-22 13:30:00,11891,-22.833,62.616,75.46
2018-12-22 13:45:00,11892,-22.781,62.678,75.49
2018-12-22 14:00:00,11893,-22.729,62.816,75.59
2018-12-22 14:15:00,11894,-22.678,63.032,75.77
2018-12-22 14:30:00,11895,-22.729,63.151,75.92
2018-12-22 14:45:00,11896,-22.833,63.209,76.05
2018-12-22 15:00:00,11897,-22.937,63.163,76.07
2018-12-22 15:15:00,11898,-23.145,63.149,76.19
2018-12-22 15:30:00,11899,-23.568,63.095,76.41
2018-12-22 15:45:00,11900,-23.889,62.931,76.46
2018-12-22 16:00:00,11901,-24.323,62.798,76.61
2018-12-22 16:15:00,11902,-24.543,62.654,76.61
2018-12-22 16:30:00,11903,-24.765,62.612,76.71
2018-12-22 16:45:00,11904,-25.101,62.677,76.99
2018-12-22 17:00:00,11905,-25.214,62.706,77.10
2018-12-22 17:15:00,11906,-25.671,62.798,77.48
2018-12-22 17:30:00,11907,-26.019,62.859,77.77
2018-12-22 17:45:00,11908,-26.609,62.721,78.02
2018-12-22 18:00:00,11909,-27.214,62.454,78.14
2018-12-22 18:15:00,11910,-27.708,62.259,78.27
2018-12-22 18:30:00,11911,-28.213,62.113,78.45
2018-12-22 18:45:00,11912,-28.727,61.915,78.59
2018-12-22 19:00:00,11913,-29.187,61.727,78.70
2018-12-22 19:15:00,11914,-29.587,61.525,78.76
2018-12-22 19:30:00,11915,-29.927,61.285,78.74
2018-12-22 19:45:00,11916,-29.927,61.134,78.59
2018-12-22 20:00:00,11917,-29.858,61.02,78.43
2018-12-22 20:15:00,11918,-29.927,61.033,78.49
2018-12-22 20:30:00,11919,-29.79,61.008,78.37
2018-12-22 20:45:00,11920,-30.063,61.032,78.57
2018-12-22 21:00:00,11921,-30.063,60.931,78.47
2018-12-22 21:15:00,11922,-29.79,60.932,78.30
2018-12-22 21:30:00,11923,-29.386,61.108,78.21
2018-12-22 21:45:00,11924,-28.792,61.169,77.88
2018-12-22 22:00:00,11925,-27.584,61.47,77.40
2018-12-22 22:15:00,11926,-26.729,62.114,77.49
2018-12-22 22:30:00,11927,-25.96,62.769,77.64
2018-12-22 22:45:00,11928,-24.654,63.349,77.37
2018-12-22 23:00:00,11929,-22.885,63.866,76.74
2018-12-22 23:15:00,11930,-21.174,64.451,76.21
2018-12-22 23:30:00,11931,-20.786,64.629,76.14
2018-12-22 23:45:00,11932,-20.499,64.039,75.36
2018-12-23 00:00:00,11933,-20.404,63.617,74.88
2018-12-23 00:15:00,11934,-19.793,63.239,74.10
2018-12-23 00:30:00,11935,-19.331,62.96,73.53
2018-12-23 00:45:00,11936,-18.697,62.608,72.76
2018-12-23 01:00:00,11937,-18.34,61.911,71.83
2018-12-23 01:15:00,11938,-17.988,61.263,70.96
2018-12-23 01:30:00,11939,-18.164,60.702,70.51
2018-12-23 01:45:00,11940,-17.944,59.864,69.53
2018-12-23 02:00:00,11941,-17.727,59.209,68.73
2018-12-23 02:15:00,11942,-17.553,58.65,68.06
2018-12-23 02:30:00,11943,-17.597,58.187,67.63
2018-12-23 02:45:00,11944,-17.082,57.898,67.00
2018-12-23 03:00:00,11945,-16.534,57.451,66.20
2018-12-23 03:15:00,11946,-15.791,57.278,65.54
2018-12-23 03:30:00,11947,-15.587,57.013,65.14
2018-12-23 03:45:00,11948,-14.984,56.677,64.42
2018-12-23 04:00:00,11949,-14.667,56.21,63.74
2018-12-23 04:15:00,11950,-14.826,55.856,63.49
2018-12-23 04:30:00,11951,-14.628,55.614,63.12
2018-12-23 04:45:00,11952,-15.064,55.735,63.53
2018-12-23 05:00:00,11953,-15.224,55.927,63.82
2018-12-23 05:15:00,11954,-15.224,55.982,63.88
2018-12-23 05:30:00,11955,-14.589,56.004,63.49
2018-12-23 05:45:00,11956,-13.657,55.744,62.62
2018-12-23 06:00:00,11957,-13.126,55.499,62.03
2018-12-23 06:15:00,11958,-12.938,54.948,61.36
2018-12-23 06:30:00,11959,-12.454,54.526,60.62
2018-12-23 06:45:00,11960,-12.306,54.41,60.41
2018-12-23 07:00:00,11961,-12.714,54.095,60.36
2018-12-23 07:15:00,11962,-12.454,53.997,60.09
2018-12-23 07:30:00,11963,-12.454,54.108,60.20
2018-12-23 07:45:00,11964,-12.454,53.885,59.98
2018-12-23 08:00:00,11965,-13.05,53.764,60.25
2018-12-23 08:15:00,11966,-14.353,54.418,61.75
2018-12-23 08:30:00,11967,-14.826,54.922,62.56
2018-12-23 08:45:00,11968,-15.425,55.484,63.51
2018-12-23 09:00:00,11969,-15.547,55.929,64.03
2018-12-23 09:15:00,11970,-16.037,56.231,64.66
2018-12-23 09:30:00,11971,-15.954,56.734,65.10
2018-12-23 09:45:00,11972,-16.078,57.311,65.76
2018-12-23 10:00:00,11973,-15.954,57.711,66.08
2018-12-23 10:15:00,11974,-16.119,58.089,66.57
2018-12-23 10:30:00,11975,-16.119,58.467,66.94
2018-12-23 10:45:00,11976,-12.938,58.685,65.09
2018-12-23 11:00:00,11977,-10.511,59.73,64.56
2018-12-23 11:15:00,11978,-9.816,60.069,64.45
2018-12-23 11:30:00,11979,-10.266,59.882,64.55
2018-12-23 11:45:00,11980,-10.336,60.662,65.38
2018-12-23 12:00:00,11981,-10.162,61.347,65.95
2018-12-23 12:15:00,11982,-10.336,61.942,66.66
2018-12-23 12:30:00,11983,-11.361,62.757,68.14
2018-12-23 12:45:00,11984,-12.123,62.861,68.74
2018-12-23 13:00:00,11985,-13.428,63.264,69.99
2018-12-23 13:15:00,11986,-14.945,62.931,70.65
2018-12-23 13:30:00,11987,-16.492,62.488,71.21
2018-12-23 13:45:00,11988,-17.21,62.461,71.65
2018-12-23 14:00:00,11989,-18.164,63.074,72.88
2018-12-23 14:15:00,11990,-19.194,63.012,73.49
2018-12-23 14:30:00,11991,-20.073,63.004,74.05
2018-12-23 14:45:00,11992,-20.883,63.06,74.63
2018-12-23 15:00:00,11993,-21.518,63.329,75.32
2018-12-23 15:15:00,11994,-22.626,63.016,75.72
2018-12-23 15:30:00,11995,-23.568,62.504,75.82
2018-12-23 15:45:00,11996,-24.214,62.408,76.15
2018-12-23 16:00:00,11997,-25.101,62.702,77.02
2018-12-23 16:15:00,11998,-26.077,62.492,77.44
2018-12-23 16:30:00,11999,-27.092,61.893,77.50
2018-12-23 16:45:00,12000,-27.092,61.256,76.87
2018-12-23 17:00:00,12001,-26.789,61.313,76.73
2018-12-23 17:15:00,12002,-26.49,61.522,76.74
2018-12-23 17:30:00,12003,-26.077,61.803,76.75
2018-12-23 17:45:00,12004,-26.253,62.178,77.24
2018-12-23 18:00:00,12005,-26.136,62.379,77.37
2018-12-23 18:15:00,12006,-25.96,62.539,77.41
2018-12-23 18:30:00,12007,-25.671,62.62,77.31
2018-12-23 18:45:00,12008,-26.077,62.899,77.85
2018-12-23 19:00:00,12009,-26.136,62.735,77.72
2018-12-23 19:15:00,12010,-26.019,62.579,77.49
2018-12-23 19:30:00,12011,-26.312,62.473,77.58
2018-12-23 19:45:00,12012,-26.371,62.207,77.35
2018-12-23 20:00:00,12013,-26.371,61.978,77.12
2018-12-23 20:15:00,12014,-26.609,61.882,77.18
2018-12-23 20:30:00,12015,-26.729,61.579,76.95
2018-12-23 20:45:00,12016,-26.789,61.466,76.88
2018-12-23 21:00:00,12017,-26.97,61.33,76.86
2018-12-23 21:15:00,12018,-27.214,61.234,76.92
2018-12-23 21:30:00,12019,-27.214,61.081,76.77
2018-12-23 21:45:00,12020,-27.092,61.001,76.61
2018-12-23 22:00:00,12021,-26.849,61.046,76.50
2018-12-23 22:15:00,12022,-26.077,61.086,76.04
2018-12-23 22:30:00,12023,-24.876,61.257,75.43
2018-12-23 22:45:00,12024,-23.568,61.705,75.02
2018-12-23 23:00:00,12025,-22.371,62.341,74.88
2018-12-23 23:15:00,12026,-22.168,62.767,75.18
2018-12-23 23:30:00,12027,-21.916,62.737,74.98
2018-12-23 23:45:00,12028,-21.816,62.73,74.91
2018-12-24 00:00:00,12029,-21.077,62.531,74.23
2018-12-24 00:15:00,12030,-20.738,62.698,74.18
2018-12-24 00:30:00,12031,-20.642,62.429,73.85
2018-12-24 00:45:00,12032,-20.547,62.082,73.44
2018-12-24 01:00:00,12033,-20.356,61.83,73.06
2018-12-24 01:15:00,12034,-20.026,61.629,72.65
2018-12-24 01:30:00,12035,-19.561,61.452,72.17
2018-12-24 01:45:00,12036,-19.058,61.228,71.62
2018-12-24 02:00:00,12037,-18.12,60.763,70.54
2018-12-24 02:15:00,12038,-16.534,60.727,69.47
2018-12-24 02:30:00,12039,-15.506,60.456,68.53
2018-12-24 02:45:00,12040,-14.826,60.092,67.73
2018-12-24 03:00:00,12041,-14.042,59.013,66.14
2018-12-24 03:15:00,12042,-13.811,57.992,64.97
2018-12-24 03:30:00,12043,-13.315,56.762,63.42
2018-12-24 03:45:00,12044,-13.352,55.765,62.44
2018-12-24 04:00:00,12045,-12.676,55.239,61.48
2018-12-24 04:15:00,12046,-11.577,54.636,60.16
2018-12-24 04:30:00,12047,-11.469,53.955,59.41
2018-12-24 04:45:00,12048,-10.863,53.096,58.16
2018-12-24 05:00:00,12049,-10.546,52.158,57.01
2018-12-24 05:15:00,12050,-10.092,51.319,55.88
2018-12-24 05:30:00,12051,-10.092,50.523,55.08
2018-12-24 05:45:00,12052,-9.885,49.897,54.32
2018-12-24 06:00:00,12053,-9.954,49.373,53.84
2018-12-24 06:15:00,12054,-9.851,48.929,53.33
2018-12-24 06:30:00,12055,-9.989,48.508,53.00
2018-12-24 06:45:00,12056,-9.851,48.182,52.59
2018-12-24 07:00:00,12057,-10.197,48.048,52.68
2018-12-24 07:15:00,12058,-10.127,47.712,52.29
2018-12-24 07:30:00,12059,-10.162,47.621,52.23
2018-12-24 07:45:00,12060,-9.747,47.563,51.90
2018-12-24 08:00:00,12061,-10.162,47.506,52.11
2018-12-24 08:15:00,12062,-12.269,48.758,54.73
2018-12-24 08:30:00,12063,-13.277,49.522,56.15
2018-12-24 08:45:00,12064,-14.275,50.504,57.78
2018-12-24 09:00:00,12065,-15.064,51.059,58.85
2018-12-24 09:15:00,12066,-15.184,52.072,59.94
2018-12-24 09:30:00,12067,-14.589,53.08,60.56
2018-12-24 09:45:00,12068,-14.51,53.868,61.30
2018-12-24 10:00:00,12069,-15.144,53.575,61.42
2018-12-24 10:15:00,12070,-16.078,53.457,61.91
2018-12-24 10:30:00,12071,-16.037,53.739,62.16
2018-12-24 10:45:00,12072,-15.791,54.74,63.00
2018-12-24 11:00:00,12073,-15.75,55.185,63.42
2018-12-24 11:15:00,12074,-16.202,55.385,63.92
2018-12-24 11:30:00,12075,-16.66,55.338,64.17
2018-12-24 11:45:00,12076,-16.119,55.645,64.12
2018-12-24 12:00:00,12077,-15.345,55.962,63.94
2018-12-24 12:15:00,12078,-15.709,54.286,62.50
2018-12-24 12:30:00,12079,-16.492,53.116,61.84
2018-12-24 12:45:00,12080,-16.284,52.624,61.21
2018-12-24 13:00:00,12081,-15.587,53.754,61.89
2018-12-24 13:15:00,12082,-14.432,54.654,62.03
2018-12-24 13:30:00,12083,-15.385,53.952,61.95
2018-12-24 13:45:00,12084,-16.202,52.167,60.70
2018-12-24 14:00:00,12085,-17.424,51.648,60.97
2018-12-24 14:15:00,12086,-18.296,51.708,61.60
2018-12-24 14:30:00,12087,-18.877,52.361,62.63
2018-12-24 14:45:00,12088,-19.469,52.843,63.50
2018-12-24 15:00:00,12089,-19.886,53.023,63.95
2018-12-24 15:15:00,12090,-20.642,52.714,64.13
2018-12-24 15:30:00,12091,-21.766,52.294,64.44
2018-12-24 15:45:00,12092,-23.356,51.965,65.15
2018-12-24 16:00:00,12093,-24.214,51.643,65.38
2018-12-24 16:15:00,12094,-24.765,52.176,66.27
2018-12-24 16:30:00,12095,-24.433,53.194,67.08
2018-12-24 16:45:00,12096,-24.051,54.777,68.41
2018-12-24 17:00:00,12097,-23.674,55.929,69.32
2018-12-24 17:15:00,12098,-23.462,56.653,69.90
2018-12-24 17:30:00,12099,-23.515,56.803,70.09
2018-12-24 17:45:00,12100,-23.728,57.321,70.74
2018-12-24 18:00:00,12101,-23.943,57.652,71.21
2018-12-24 18:15:00,12102,-23.943,58.072,71.63
2018-12-24 18:30:00,12103,-24.105,58.881,72.55
2018-12-24 18:45:00,12104,-24.051,59.725,73.36
2018-12-24 19:00:00,12105,-24.105,60.727,74.40
2018-12-24 19:15:00,12106,-24.709,60.772,74.83
2018-12-24 19:30:00,12107,-25.384,59.77,74.27
2018-12-24 19:45:00,12108,-26.253,58.553,73.62
2018-12-24 20:00:00,12109,-27.031,57.638,73.21
2018-12-24 20:15:00,12110,-27.398,57.002,72.81
2018-12-24 20:30:00,12111,-27.708,56.74,72.75
2018-12-24 20:45:00,12112,-27.959,56.671,72.84
2018-12-24 21:00:00,12113,-28.213,56.524,72.86
2018-12-24 21:15:00,12114,-28.086,56.597,72.85
2018-12-24 21:30:00,12115,-27.959,56.853,73.03
2018-12-24 21:45:00,12116,-27.771,57.119,73.17
2018-12-24 22:00:00,12117,-27.771,57.223,73.27
2018-12-24 22:15:00,12118,-27.584,57.282,73.21
2018-12-24 22:30:00,12119,-27.398,57.314,73.12
2018-12-24 22:45:00,12120,-27.092,57.445,73.05
2018-12-24 23:00:00,12121,-26.609,57.659,72.95
2018-12-24 23:15:00,12122,-26.077,57.83,72.78
2018-12-24 23:30:00,12123,-25.327,58.04,72.50
2018-12-24 23:45:00,12124,-24.543,58.255,72.21
2018-12-25 00:00:00,12125,-23.568,58.636,71.96
2018-12-25 00:15:00,12126,-23.356,59.144,72.33
2018-12-25 00:30:00,12127,-22.781,59.508,72.32
2018-12-25 00:45:00,12128,-22.016,59.618,71.93
2018-12-25 01:00:00,12129,-21.125,59.592,71.32
2018-12-25 01:15:00,12130,-20.309,59.473,70.67
2018-12-25 01:30:00,12131,-19.515,59.136,69.82
2018-12-25 01:45:00,12132,-18.429,58.659,68.64
2018-12-25 02:00:00,12133,-17.04,57.959,67.04
2018-12-25 02:15:00,12134,-16.078,56.741,65.19
2018-12-25 02:30:00,12135,-15.425,55.265,63.29
2018-12-25 02:45:00,12136,-14.905,53.806,61.49
2018-12-25 03:00:00,12137,-14.236,52.495,59.75
2018-12-25 03:15:00,12138,-13.428,51.78,58.51
2018-12-25 03:30:00,12139,-14.042,50.931,58.06
2018-12-25 03:45:00,12140,-14.432,50.228,57.61
2018-12-25 04:00:00,12141,-14.353,50.043,57.37
2018-12-25 04:15:00,12142,-14.042,50.145,57.27
2018-12-25 04:30:00,12143,-13.849,50.117,57.12
2018-12-25 04:45:00,12144,-13.696,49.998,56.90
2018-12-25 05:00:00,12145,-13.466,49.665,56.42
2018-12-25 05:15:00,12146,-13.315,49.432,56.09
2018-12-25 05:30:00,12147,-12.9,49.18,55.57
2018-12-25 05:45:00,12148,-12.751,48.889,55.18
2018-12-25 06:00:00,12149,-12.454,48.561,54.66
2018-12-25 06:15:00,12150,-12.086,48.214,54.07
2018-12-25 06:30:00,12151,-11.94,47.949,53.71
2018-12-25 06:45:00,12152,-11.831,47.563,53.25
2018-12-25 07:00:00,12153,-11.867,47.3,53.01
2018-12-25 07:15:00,12154,-11.94,47.061,52.82
2018-12-25 07:30:00,12155,-12.049,46.903,52.73
2018-12-25 07:45:00,12156,-12.159,46.716,52.62
2018-12-25 08:00:00,12157,-12.38,46.456,52.50
2018-12-25 08:15:00,12158,-12.751,46.348,52.64
2018-12-25 08:30:00,12159,-13.05,46.451,52.93
2018-12-25 08:45:00,12160,-13.05,46.594,53.08
2018-12-25 09:00:00,12161,-13.013,46.657,53.12
2018-12-25 09:15:00,12162,-13.088,46.704,53.21
2018-12-25 09:30:00,12163,-12.975,46.605,53.04
2018-12-25 09:45:00,12164,-12.9,46.443,52.83
2018-12-25 10:00:00,12165,-12.825,46.338,52.67
2018-12-25 10:15:00,12166,-12.528,46.12,52.26
2018-12-25 10:30:00,12167,-12.159,45.853,51.76
2018-12-25 10:45:00,12168,-11.867,45.344,51.06
2018-12-25 11:00:00,12169,-11.147,45.004,50.25
2018-12-25 11:15:00,12170,-10.301,44.882,49.58
2018-12-25 11:30:00,12171,-9.782,44.484,48.84
2018-12-25 11:45:00,12172,-9.61,43.863,48.11
2018-12-25 12:00:00,12173,-9.202,43.475,47.46
2018-12-25 12:15:00,12174,-9.473,43.909,48.07
2018-12-25 12:30:00,12175,-9.269,44.666,48.69
2018-12-25 12:45:00,12176,-10.546,44.88,49.73
2018-12-25 13:00:00,12177,-11.903,44.268,50.00
2018-12-25 13:15:00,12178,-13.126,44.284,50.82
2018-12-25 13:30:00,12179,-14.314,44.043,51.35
2018-12-25 13:45:00,12180,-15.709,43.404,51.61
2018-12-25 14:00:00,12181,-17.04,42.689,51.77
2018-12-25 14:15:00,12182,-18.563,42.067,52.13
2018-12-25 14:30:00,12183,-20.026,41.627,52.64
2018-12-25 14:45:00,12184,-21.223,41.535,53.33
2018-12-25 15:00:00,12185,-22.218,41.723,54.16
2018-12-25 15:15:00,12186,-23.041,42.099,55.08
2018-12-25 15:30:00,12187,-23.198,43.204,56.28
2018-12-25 15:45:00,12188,-23.356,44.442,57.62
2018-12-25 16:00:00,12189,-23.462,44.957,58.21
2018-12-25 16:15:00,12190,-23.889,45.343,58.87
2018-12-25 16:30:00,12191,-25.045,45.13,59.41
2018-12-25 16:45:00,12192,-26.609,43.841,59.14
2018-12-25 17:00:00,12193,-28.149,42.78,59.08
2018-12-25 17:15:00,12194,-29.121,42.46,59.39
2018-12-25 17:30:00,12195,-29.655,42.748,60.02
2018-12-25 17:45:00,12196,-29.722,43.398,60.72
2018-12-25 18:00:00,12197,-29.79,44.237,61.60
2018-12-25 18:15:00,12198,-29.587,45.246,62.48
2018-12-25 18:30:00,12199,-29.453,46.324,63.47
2018-12-25 18:45:00,12200,-29.121,47.237,64.17
2018-12-25 19:00:00,12201,-29.253,48.161,65.18
2018-12-25 19:15:00,12202,-29.121,48.879,65.81
2018-12-25 19:30:00,12203,-28.469,49.459,65.96
2018-12-25 19:45:00,12204,-27.584,50.425,66.35
2018-12-25 20:00:00,12205,-27.092,51.383,66.99
2018-12-25 20:15:00,12206,-26.97,51.936,67.47
2018-12-25 20:30:00,12207,-26.97,51.963,67.49
2018-12-25 20:45:00,12208,-25.844,52.14,66.94
2018-12-25 21:00:00,12209,-23.621,52.355,65.71
2018-12-25 21:15:00,12210,-22.218,53.332,65.77
2018-12-25 21:30:00,12211,-22.067,53.976,66.32
2018-12-25 21:45:00,12212,-22.016,53.013,65.32
2018-12-25 22:00:00,12213,-21.866,52.387,64.60
2018-12-25 22:15:00,12214,-21.518,52.143,64.13
2018-12-25 22:30:00,12215,-20.547,52.021,63.38
2018-12-25 22:45:00,12216,-18.967,52.347,62.68
2018-12-25 23:00:00,12217,-17.77,52.477,62.03
2018-12-25 23:15:00,12218,-16.66,51.847,60.68
2018-12-25 23:30:00,12219,-14.12,52.178,59.36
2018-12-25 23:45:00,12220,-12.013,53.675,59.48
2018-12-26 00:00:00,12221,-10.969,51.388,56.52
2018-12-26 00:15:00,12222,-10.162,49.857,54.46
2018-12-26 00:30:00,12223,-12.123,45.627,51.51
2018-12-26 00:45:00,12224,-12.528,44.13,50.27
2018-12-26 01:00:00,12225,-12.049,43.64,49.47
2018-12-26 01:15:00,12226,-12.086,43.083,48.94
2018-12-26 01:30:00,12227,-11.577,43.962,49.49
2018-12-26 01:45:00,12228,-10.476,44.656,49.47
2018-12-26 02:00:00,12229,-8.331,43.996,47.41
2018-12-26 02:15:00,12230,-5.76,45.65,47.39
2018-12-26 02:30:00,12231,-3.896,48.044,48.58
2018-12-26 02:45:00,12232,-2.508,49.028,48.66
2018-12-26 03:00:00,12233,-1.356,48.006,46.89
2018-12-26 03:15:00,12234,0.218,49.198,47.06
2018-12-26 03:30:00,12235,1.615,50.666,47.62
2018-12-26 03:45:00,12236,2.797,53.286,49.47
2018-12-26 04:00:00,12237,3.538,55.07,50.77
2018-12-26 04:15:00,12238,3.827,54.704,50.22
2018-12-26 04:30:00,12239,2.584,50.388,46.71
2018-12-26 04:45:00,12240,-0.283,46.634,44.82
2018-12-26 05:00:00,12241,-2.334,44.37,43.89
2018-12-26 05:15:00,12242,-3.301,44.009,44.15
2018-12-26 05:30:00,12243,-5.605,42.383,44.03
2018-12-26 05:45:00,12244,-6.61,41.517,43.81
2018-12-26 06:00:00,12245,-7.09,41.221,43.83
2018-12-26 06:15:00,12246,-6.706,40.67,43.03
2018-12-26 06:30:00,12247,-7.187,39.986,42.66
2018-12-26 06:45:00,12248,-8.53,38.846,42.39
2018-12-26 07:00:00,12249,-7.348,38.018,40.79
2018-12-26 07:15:00,12250,-6.01,38.528,40.43
2018-12-26 07:30:00,12251,-7.738,37.403,40.43
2018-12-26 07:45:00,12252,-9.202,37.123,41.10
2018-12-26 08:00:00,12253,-10.792,37.458,42.47
2018-12-26 08:15:00,12254,-12.159,37.664,43.57
2018-12-26 08:30:00,12255,-13.734,38.197,45.12
2018-12-26 08:45:00,12256,-14.236,38.905,46.16
2018-12-26 09:00:00,12257,-14.549,39.602,47.06
2018-12-26 09:15:00,12258,-14.432,40.2,47.58
2018-12-26 09:30:00,12259,-14.984,40.863,48.60
2018-12-26 09:45:00,12260,-14.905,41.134,48.82
2018-12-26 10:00:00,12261,-14.51,41.444,48.88
2018-12-26 10:15:00,12262,-13.505,41.567,48.35
2018-12-26 10:30:00,12263,-13.505,42.091,48.87
2018-12-26 10:45:00,12264,-15.144,41.424,49.27
2018-12-26 11:00:00,12265,-16.367,41.622,50.26
2018-12-26 11:15:00,12266,-16.037,44.079,52.50
2018-12-26 11:30:00,12267,-15.832,45.761,54.05
2018-12-26 11:45:00,12268,-15.954,45.802,54.17
2018-12-26 12:00:00,12269,-16.202,45.512,54.04
2018-12-26 12:15:00,12270,-16.618,45.144,53.95
2018-12-26 12:30:00,12271,-17.467,44.519,53.87
2018-12-26 12:45:00,12272,-18.429,43.654,53.63
2018-12-26 13:00:00,12273,-19.839,42.477,53.37
2018-12-26 13:15:00,12274,-21.716,41.36,53.48
2018-12-26 13:30:00,12275,-23.728,40.516,53.94
2018-12-26 13:45:00,12276,-25.441,40.278,54.81
2018-12-26 14:00:00,12277,-26.789,40.449,55.86
2018-12-26 14:15:00,12278,-27.771,40.886,56.94
2018-12-26 14:30:00,12279,-28.598,41.421,58.01
2018-12-26 14:45:00,12280,-29.386,42.067,59.17
2018-12-26 15:00:00,12281,-29.995,42.649,60.15
2018-12-26 15:15:00,12282,-30.549,43.206,61.06
2018-12-26 15:30:00,12283,-31.045,43.713,61.89
2018-12-26 15:45:00,12284,-31.405,44.235,62.65
2018-12-26 16:00:00,12285,-31.92,44.653,63.40
2018-12-26 16:15:00,12286,-32.369,44.942,63.98
2018-12-26 16:30:00,12287,-32.674,45.169,64.41
2018-12-26 16:45:00,12288,-32.983,45.421,64.86
2018-12-26 17:00:00,12289,-33.139,45.641,65.18
2018-12-26 17:15:00,12290,-33.139,46.043,65.58
2018-12-26 17:30:00,12291,-33.061,46.535,66.02
2018-12-26 17:45:00,12292,-33.061,47.015,66.50
2018-12-26 18:00:00,12293,-33.139,47.43,66.97
2018-12-26 18:15:00,12294,-33.139,47.829,67.37
2018-12-26 18:30:00,12295,-33.061,48.159,67.65
2018-12-26 18:45:00,12296,-32.906,48.527,67.92
2018-12-26 19:00:00,12297,-32.674,49.117,68.36
2018-12-26 19:15:00,12298,-32.369,49.692,68.73
2018-12-26 19:30:00,12299,-32.143,50.281,69.17
2018-12-26 19:45:00,12300,-31.994,50.831,69.63
2018-12-26 20:00:00,12301,-31.772,51.339,69.99
2018-12-26 20:15:00,12302,-31.478,51.832,70.29
2018-12-26 20:30:00,12303,-31.045,52.268,70.45
2018-12-26 20:45:00,12304,-30.619,52.756,70.66
2018-12-26 21:00:00,12305,-30.34,53.142,70.86
2018-12-26 21:15:00,12306,-30.063,53.265,70.81
2018-12-26 21:30:00,12307,-29.79,53.205,70.57
2018-12-26 21:45:00,12308,-29.32,53.229,70.29
2018-12-26 22:00:00,12309,-28.727,53.299,69.97
2018-12-26 22:15:00,12310,-28.086,53.297,69.55
2018-12-26 22:30:00,12311,-27.584,53.273,69.20
2018-12-26 22:45:00,12312,-27.031,53.017,68.59
2018-12-26 23:00:00,12313,-26.431,52.768,67.95
2018-12-26 23:15:00,12314,-25.844,52.461,67.26
2018-12-26 23:30:00,12315,-24.932,52.123,66.33
2018-12-26 23:45:00,12316,-24.16,52.002,65.71
2018-12-27 00:00:00,12317,-23.25,51.603,64.72
2018-12-27 00:15:00,12318,-22.729,51.276,64.05
2018-12-27 00:30:00,12319,-22.117,50.716,63.09
2018-12-27 00:45:00,12320,-21.816,50.187,62.37
2018-12-27 01:00:00,12321,-21.716,49.764,61.88
2018-12-27 01:15:00,12322,-21.419,49.23,61.15
2018-12-27 01:30:00,12323,-19.979,48.75,59.74
2018-12-27 01:45:00,12324,-19.149,50.835,61.28
2018-12-27 02:00:00,12325,-17.901,53.937,63.57
2018-12-27 02:15:00,12326,-16.786,55.917,64.83
2018-12-27 02:30:00,12327,-15.954,57.413,65.78
2018-12-27 02:45:00,12328,-15.224,58.269,66.16
2018-12-27 03:00:00,12329,-14.392,58.546,65.90
2018-12-27 03:15:00,12330,-14.004,58.667,65.77
2018-12-27 03:30:00,12331,-13.277,58.954,65.58
2018-12-27 03:45:00,12332,-12.159,59.064,64.97
2018-12-27 04:00:00,12333,-10.511,58.659,63.49
2018-12-27 04:15:00,12334,-9.61,58.287,62.53
2018-12-27 04:30:00,12335,-9.303,57.507,61.55
2018-12-27 04:45:00,12336,-9.61,55.591,59.84
2018-12-27 05:00:00,12337,-10.058,53.529,58.07
2018-12-27 05:15:00,12338,-10.476,51.603,56.41
2018-12-27 05:30:00,12339,-11.005,49.822,54.98
2018-12-27 05:45:00,12340,-11.147,48.403,53.65
2018-12-27 06:00:00,12341,-10.616,47.501,52.40
2018-12-27 06:15:00,12342,-10.511,47.17,52.00
2018-12-27 06:30:00,12343,-10.162,46.727,51.33
2018-12-27 06:45:00,12344,-10.023,46.051,50.57
2018-12-27 07:00:00,12345,-9.851,45.261,49.66
2018-12-27 07:15:00,12346,-10.023,44.073,48.59
2018-12-27 07:30:00,12347,-9.782,43.431,47.79
2018-12-27 07:45:00,12348,-9.542,43.051,47.25
2018-12-27 08:00:00,12349,-9.989,42.467,46.96
2018-12-27 08:15:00,12350,-9.679,42.358,46.65
2018-12-27 08:30:00,12351,-9.303,42.64,46.69
2018-12-27 08:45:00,12352,-8.697,43.039,46.69
2018-12-27 09:00:00,12353,-8.497,42.828,46.35
2018-12-27 09:15:00,12354,-7.902,42.488,45.62
2018-12-27 09:30:00,12355,-6.61,42.706,45.00
2018-12-27 09:45:00,12356,-5.264,42.484,43.91
2018-12-27 10:00:00,12357,-4.046,43.051,43.68
2018-12-27 10:15:00,12358,-3.866,43.431,43.94
2018-12-27 10:30:00,12359,-6.01,41.857,43.76
2018-12-27 10:45:00,12360,-8.63,39.7,43.31
2018-12-27 11:00:00,12361,-9.747,39.006,43.34
2018-12-27 11:15:00,12362,-10.092,39.145,43.70
2018-12-27 11:30:00,12363,-10.863,39.945,45.01
2018-12-27 11:45:00,12364,-11.65,40.442,46.01
2018-12-27 12:00:00,12365,-12.123,40.622,46.50
2018-12-27 12:15:00,12366,-12.159,40.235,46.14
2018-12-27 12:30:00,12367,-10.092,41.748,46.31
2018-12-27 12:45:00,12368,-11.147,41.943,47.19
2018-12-27 13:00:00,12369,-12.9,40.968,47.35
2018-12-27 13:15:00,12370,-14.667,40.727,48.26
2018-12-27 13:30:00,12371,-14.042,41.297,48.42
2018-12-27 13:45:00,12372,-14.159,42.184,49.39
2018-12-27 14:00:00,12373,-14.275,42.518,49.80
2018-12-27 14:15:00,12374,-15.064,42.766,50.56
2018-12-27 14:30:00,12375,-15.791,42.847,51.11
2018-12-27 14:45:00,12376,-16.618,43.087,51.89
2018-12-27 15:00:00,12377,-17.338,43.281,52.55
2018-12-27 15:15:00,12378,-18.429,43.654,53.63
2018-12-27 15:30:00,12379,-19.149,44.156,54.60
2018-12-27 15:45:00,12380,-19.607,44.661,55.41
2018-12-27 16:00:00,12381,-20.026,45.253,56.27
2018-12-27 16:15:00,12382,-20.499,45.974,57.30
2018-12-27 16:30:00,12383,-20.98,46.69,58.33
2018-12-27 16:45:00,12384,-21.37,47.247,59.14
2018-12-27 17:00:00,12385,-22.117,47.64,60.02
2018-12-27 17:15:00,12386,-22.626,47.622,60.33
2018-12-27 17:30:00,12387,-22.989,47.598,60.54
2018-12-27 17:45:00,12388,-23.515,47.798,61.08
2018-12-27 18:00:00,12389,-24.214,48,61.74
2018-12-27 18:15:00,12390,-24.543,48.472,62.42
2018-12-27 18:30:00,12391,-23.997,49.098,62.70
2018-12-27 18:45:00,12392,-23.568,49.516,62.84
2018-12-27 19:00:00,12393,-23.674,49.227,62.62
2018-12-27 19:15:00,12394,-23.997,48.387,61.99
2018-12-27 19:30:00,12395,-24.543,47.979,61.93
2018-12-27 19:45:00,12396,-24.876,46.89,61.06
2018-12-27 20:00:00,12397,-26.729,45.971,61.34
2018-12-27 20:15:00,12398,-28.213,44.506,60.84
2018-12-27 20:30:00,12399,-29.121,43.698,60.63
2018-12-27 20:45:00,12400,-29.587,43.663,60.89
2018-12-27 21:00:00,12401,-29.722,44.082,61.40
2018-12-27 21:15:00,12402,-29.587,44.62,61.85
2018-12-27 21:30:00,12403,-29.187,45.383,62.35
2018-12-27 21:45:00,12404,-28.469,46.3,62.80
2018-12-27 22:00:00,12405,-27.646,47.504,63.47
2018-12-27 22:15:00,12406,-26.849,48.731,64.18
2018-12-27 22:30:00,12407,-26.019,49.639,64.55
2018-12-27 22:45:00,12408,-25.101,50.291,64.61
2018-12-27 23:00:00,12409,-24.16,50.624,64.33
2018-12-27 23:15:00,12410,-23.356,50.556,63.74
2018-12-27 23:30:00,12411,-22.422,50.37,62.94
2018-12-27 23:45:00,12412,-21.37,49.98,61.87
2018-12-28 00:00:00,12413,-20.404,49.186,60.45
2018-12-28 00:15:00,12414,-19.607,47.942,58.69
2018-12-28 00:30:00,12415,-18.607,47.02,57.11
2018-12-28 00:45:00,12416,-17.553,46.124,55.53
2018-12-28 01:00:00,12417,-16.451,44.853,53.55
2018-12-28 01:15:00,12418,-15.144,43.62,51.46
2018-12-28 01:30:00,12419,-13.581,42.198,49.03
2018-12-28 01:45:00,12420,-12.269,40.751,46.73
2018-12-28 02:00:00,12421,-10.371,39.528,44.27
2018-12-28 02:15:00,12422,-7.155,38.881,41.53
2018-12-28 02:30:00,12423,-5.295,39.091,40.53
2018-12-28 02:45:00,12424,-3.153,38.817,38.87
2018-12-28 03:00:00,12425,-3.538,35.598,35.90
2018-12-28 03:15:00,12426,-4.106,32.117,32.79
2018-12-28 03:30:00,12427,-4.834,29.687,30.83
2018-12-28 03:45:00,12428,-5.511,28.254,29.84
2018-12-28 04:00:00,12429,-6.706,27.279,29.64
2018-12-28 04:15:00,12430,-8.198,26.626,29.95
2018-12-28 04:30:00,12431,-9.747,26.531,30.87
2018-12-28 04:45:00,12432,-10.898,26.809,31.89
2018-12-28 05:00:00,12433,-11.831,27.411,33.10
2018-12-28 05:15:00,12434,-12.306,28.17,34.17
2018-12-28 05:30:00,12435,-12.602,29.032,35.22
2018-12-28 05:45:00,12436,-11.903,29.797,35.53
2018-12-28 06:00:00,12437,-11.613,30.251,35.80
2018-12-28 06:15:00,12438,-11.94,30.435,36.20
2018-12-28 06:30:00,12439,-12.086,30.513,36.37
2018-12-28 06:45:00,12440,-12.528,30.837,36.98
2018-12-28 07:00:00,12441,-12.825,31.265,37.60
2018-12-28 07:15:00,12442,-12.863,31.776,38.14
2018-12-28 07:30:00,12443,-13.013,32.305,38.76
2018-12-28 07:45:00,12444,-12.863,32.682,39.04
2018-12-28 08:00:00,12445,-12.38,33.122,39.17
2018-12-28 08:15:00,12446,-12.233,33.227,39.18
2018-12-28 08:30:00,12447,-12.086,33.181,39.04
2018-12-28 08:45:00,12448,-12.086,33.121,38.98
2018-12-28 09:00:00,12449,-12.269,33.072,39.05
2018-12-28 09:15:00,12450,-12.269,33.223,39.20
2018-12-28 09:30:00,12451,-12.013,33.339,39.15
2018-12-28 09:45:00,12452,-11.94,33.256,39.02
2018-12-28 10:00:00,12453,-11.758,33.153,38.80
2018-12-28 10:15:00,12454,-11.005,32.985,38.14
2018-12-28 10:30:00,12455,-10.301,32.447,37.14
2018-12-28 10:45:00,12456,-10.092,31.492,36.05
2018-12-28 11:00:00,12457,-10.301,30.494,35.19
2018-12-28 11:15:00,12458,-10.406,29.81,34.57
2018-12-28 11:30:00,12459,-10.651,29.266,34.19
2018-12-28 11:45:00,12460,-11.577,28.632,34.16
2018-12-28 12:00:00,12461,-12.825,28.064,34.40
2018-12-28 12:15:00,12462,-14.275,27.756,35.03
2018-12-28 12:30:00,12463,-15.791,27.87,36.13
2018-12-28 12:45:00,12464,-16.955,28.194,37.21
2018-12-28 13:00:00,12465,-18.032,28.643,38.36
2018-12-28 13:15:00,12466,-18.967,29.161,39.49
2018-12-28 13:30:00,12467,-19.886,29.646,40.57
2018-12-28 13:45:00,12468,-20.738,30.073,41.55
2018-12-28 14:00:00,12469,-21.419,30.514,42.44
2018-12-28 14:15:00,12470,-22.218,30.94,43.38
2018-12-28 14:30:00,12471,-22.833,31.47,44.31
2018-12-28 14:45:00,12472,-23.462,32.053,45.30
2018-12-28 15:00:00,12473,-24.323,32.522,46.33
2018-12-28 15:15:00,12474,-24.988,33.065,47.31
2018-12-28 15:30:00,12475,-25.498,33.766,48.34
2018-12-28 15:45:00,12476,-25.902,34.53,49.37
2018-12-28 16:00:00,12477,-26.371,35.226,50.37
2018-12-28 16:15:00,12478,-26.253,36.098,51.16
2018-12-28 16:30:00,12479,-26.312,37.714,52.82
2018-12-28 16:45:00,12480,-26.019,39.333,54.25
2018-12-28 17:00:00,12481,-25.157,41.129,55.48
2018-12-28 17:15:00,12482,-24.323,42.777,56.59
2018-12-28 17:30:00,12483,-23.781,43.855,57.31
2018-12-28 17:45:00,12484,-23.568,44.023,57.34
2018-12-28 18:00:00,12485,-23.568,43.52,56.84
2018-12-28 18:15:00,12486,-23.409,43.288,56.50
2018-12-28 18:30:00,12487,-23.198,43.26,56.34
2018-12-28 18:45:00,12488,-22.833,43.223,56.06
2018-12-28 19:00:00,12489,-22.371,43.255,55.80
2018-12-28 19:15:00,12490,-21.716,43.143,55.26
2018-12-28 19:30:00,12491,-21.223,42.839,54.63
2018-12-28 19:45:00,12492,-20.931,41.714,53.32
2018-12-28 20:00:00,12493,-20.98,40.967,52.60
2018-12-28 20:15:00,12494,-21.321,40.327,52.19
2018-12-28 20:30:00,12495,-21.028,41.645,53.31
2018-12-28 20:45:00,12496,-21.617,43.578,55.63
2018-12-28 21:00:00,12497,-21.816,44.367,56.55
2018-12-28 21:15:00,12498,-21.667,45.172,57.26
2018-12-28 21:30:00,12499,-21.125,45.609,57.34
2018-12-28 21:45:00,12500,-21.125,46.391,58.12
2018-12-28 22:00:00,12501,-21.469,47.066,59.02
2018-12-28 22:15:00,12502,-22.067,47.702,60.05
2018-12-28 22:30:00,12503,-22.729,48.241,61.01
2018-12-28 22:45:00,12504,-22.885,48.549,61.42
2018-12-28 23:00:00,12505,-23.041,49.348,62.32
2018-12-28 23:15:00,12506,-23.093,50.105,63.12
2018-12-28 23:30:00,12507,-23.25,51.088,64.20
2018-12-28 23:45:00,12508,-23.198,51.963,65.04
2018-12-29 00:00:00,12509,-22.989,52.805,65.75
2018-12-29 00:15:00,12510,-22.575,53.733,66.41
2018-12-29 00:30:00,12511,-22.218,54.623,67.06
2018-12-29 00:45:00,12512,-21.469,55.202,67.16
2018-12-29 01:00:00,12513,-20.309,56.091,67.29
2018-12-29 01:15:00,12514,-18.563,57.109,67.17
2018-12-29 01:30:00,12515,-16.997,58.236,67.28
2018-12-29 01:45:00,12516,-14.667,59.824,67.36
2018-12-29 02:00:00,12517,-13.505,61.456,68.23
2018-12-29 02:15:00,12518,-14.042,59.906,67.03
2018-12-29 02:30:00,12519,-14.51,56.346,63.78
2018-12-29 02:45:00,12520,-14.51,54.283,61.71
2018-12-29 03:00:00,12521,-14.628,52.685,60.19
2018-12-29 03:15:00,12522,-13.965,52.09,59.17
2018-12-29 03:30:00,12523,-13.126,51.882,58.41
2018-12-29 03:45:00,12524,-12.269,49.583,55.56
2018-12-29 04:00:00,12525,-11.65,46.612,52.18
2018-12-29 04:15:00,12526,-11.29,44.086,49.42
2018-12-29 04:30:00,12527,-11.076,42.215,47.41
2018-12-29 04:45:00,12528,-10.023,41.285,45.80
2018-12-29 05:00:00,12529,-8.797,39.829,43.55
2018-12-29 05:15:00,12530,-7.284,38.987,41.72
2018-12-29 05:30:00,12531,-5.854,37.82,39.63
2018-12-29 05:45:00,12532,-5.018,36.27,37.53
2018-12-29 06:00:00,12533,-3.956,34.48,35.05
2018-12-29 06:15:00,12534,-3.242,32.696,32.80
2018-12-29 06:30:00,12535,-2.218,31.109,30.55
2018-12-29 06:45:00,12536,-1.641,29.717,28.78
2018-12-29 07:00:00,12537,-0.845,28.396,26.95
2018-12-29 07:15:00,12538,0.107,27.459,25.39
2018-12-29 07:30:00,12539,1.071,26.321,23.62
2018-12-29 07:45:00,12540,0.163,24.39,22.28
2018-12-29 08:00:00,12541,-0.591,23.144,21.53
2018-12-29 08:15:00,12542,-1.756,22.386,21.53
2018-12-29 08:30:00,12543,-3.33,21.988,22.15
2018-12-29 08:45:00,12544,-4.987,22.035,23.28
2018-12-29 09:00:00,12545,-5.449,22.386,23.93
2018-12-29 09:15:00,12546,-4.439,22.648,23.53
2018-12-29 09:30:00,12547,-3.242,22.476,22.58
2018-12-29 09:45:00,12548,-1.015,21.888,20.55
2018-12-29 10:00:00,12549,-0.032,21.144,19.16
2018-12-29 10:15:00,12550,0.522,20.4,18.06
2018-12-29 10:30:00,12551,0.934,19.838,17.23
2018-12-29 10:45:00,12552,1.371,19.505,16.61
2018-12-29 11:00:00,12553,1.805,19.171,16.00
2018-12-29 11:15:00,12554,0.962,18.464,15.84
2018-12-29 11:30:00,12555,1.507,18.266,15.29
2018-12-29 11:45:00,12556,1.453,18.362,15.42
2018-12-29 12:00:00,12557,1.697,18.31,15.21
2018-12-29 12:15:00,12558,1.588,18.173,15.14
2018-12-29 12:30:00,12559,1.371,17.963,15.07
2018-12-29 12:45:00,12560,0.77,17.731,15.23
2018-12-29 13:00:00,12561,0.218,17.502,15.36
2018-12-29 13:15:00,12562,-0.704,17.318,15.78
2018-12-29 13:30:00,12563,-1.613,17.202,16.25
2018-12-29 13:45:00,12564,-2.566,17.017,16.68
2018-12-29 14:00:00,12565,-3.419,16.904,17.13
2018-12-29 14:15:00,12566,-4.348,16.787,17.61
2018-12-29 14:30:00,12567,-5.326,16.733,18.19
2018-12-29 14:45:00,12568,-6.357,16.675,18.81
2018-12-29 15:00:00,12569,-7.445,16.744,19.58
2018-12-29 15:15:00,12570,-8.864,16.857,20.62
2018-12-29 15:30:00,12571,-9.747,16.967,21.30
2018-12-29 15:45:00,12572,-10.127,17.202,21.78
2018-12-29 16:00:00,12573,-10.863,17.51,22.57
2018-12-29 16:15:00,12574,-11.326,17.802,23.16
2018-12-29 16:30:00,12575,-11.722,18.096,23.72
2018-12-29 16:45:00,12576,-11.94,18.337,24.10
2018-12-29 17:00:00,12577,-12.013,18.713,24.52
2018-12-29 17:15:00,12578,-12.159,19.02,24.92
2018-12-29 17:30:00,12579,-12.417,19.32,25.39
2018-12-29 17:45:00,12580,-12.825,19.483,25.82
2018-12-29 18:00:00,12581,-13.277,19.581,26.21
2018-12-29 18:15:00,12582,-13.428,19.76,26.49
2018-12-29 18:30:00,12583,-13.126,20.157,26.69
2018-12-29 18:45:00,12584,-13.126,20.031,26.56
2018-12-29 19:00:00,12585,-13.734,20.117,27.04
2018-12-29 19:15:00,12586,-14.905,19.413,27.10
2018-12-29 19:30:00,12587,-16.326,19.135,27.75
2018-12-29 19:45:00,12588,-16.702,19.486,28.34
2018-12-29 20:00:00,12589,-15.345,20.729,28.70
2018-12-29 20:15:00,12590,-14.353,21.514,28.84
2018-12-29 20:30:00,12591,-13.619,21.877,28.73
2018-12-29 20:45:00,12592,-13.39,22.393,29.10
2018-12-29 21:00:00,12593,-12.825,22.433,28.77
2018-12-29 21:15:00,12594,-12.343,21.904,27.93
2018-12-29 21:30:00,12595,-12.751,21.437,27.73
2018-12-29 21:45:00,12596,-12.9,20.549,26.93
2018-12-29 22:00:00,12597,-13.505,19.786,26.56
2018-12-29 22:15:00,12598,-14.51,19.188,26.62
2018-12-29 22:30:00,12599,-15.264,19.14,27.06
2018-12-29 22:45:00,12600,-16.119,19.336,27.81
2018-12-29 23:00:00,12601,-16.87,19.475,28.44
2018-12-29 23:15:00,12602,-17.77,19.666,29.22
2018-12-29 23:30:00,12603,-18.563,19.8,29.87
2018-12-29 23:45:00,12604,-19.012,20.018,30.38
2018-12-30 00:00:00,12605,-19.377,20.365,30.96
2018-12-30 00:15:00,12606,-19.24,21.392,31.90
2018-12-30 00:30:00,12607,-17.727,23.192,32.71
2018-12-30 00:45:00,12608,-15.832,24.565,32.86
2018-12-30 01:00:00,12609,-13.619,25.199,32.05
2018-12-30 01:15:00,12610,-11.867,25.554,31.27
2018-12-30 01:30:00,12611,-9.782,25.22,29.58
2018-12-30 01:45:00,12612,-8.331,24.203,27.62
2018-12-30 02:00:00,12613,-6.802,23.116,25.54
2018-12-30 02:15:00,12614,-4.621,21.932,22.94
2018-12-30 02:30:00,12615,-2.8,20.51,20.33
2018-12-30 02:45:00,12616,0.107,19.591,17.52
2018-12-30 03:00:00,12617,1.697,18.836,15.73
2018-12-30 03:15:00,12618,2.77,17.581,13.78
2018-12-30 03:30:00,12619,3.827,16.845,12.36
2018-12-30 03:45:00,12620,3.88,16.049,11.53
2018-12-30 04:00:00,12621,3.617,15.236,10.88
2018-12-30 04:15:00,12622,1.235,14.683,11.88
2018-12-30 04:30:00,12623,1.153,14.646,11.90
2018-12-30 04:45:00,12624,0.825,14.696,12.16
2018-12-30 05:00:00,12625,0.051,14.723,12.69
2018-12-30 05:15:00,12626,-0.395,14.899,13.16
2018-12-30 05:30:00,12627,-0.171,15.043,13.15
2018-12-30 05:45:00,12628,1.044,15.171,12.49
2018-12-30 06:00:00,12629,2.262,15.233,11.76
2018-12-30 06:15:00,12630,1.534,14.93,11.93
2018-12-30 06:30:00,12631,0.384,14.872,12.62
2018-12-30 06:45:00,12632,-0.451,14.83,13.12
2018-12-30 07:00:00,12633,-1.242,15.054,13.86
2018-12-30 07:15:00,12634,-2.015,15.573,14.88
2018-12-30 07:30:00,12635,-3.449,15.792,16.03
2018-12-30 07:45:00,12636,-4.59,16.318,17.30
2018-12-30 08:00:00,12637,-4.987,17.141,18.38
2018-12-30 08:15:00,12638,-5.574,18.013,19.64
2018-12-30 08:30:00,12639,-6.042,18.695,20.62
2018-12-30 08:45:00,12640,-5.76,19.42,21.16
2018-12-30 09:00:00,12641,-4.957,20.049,21.27
2018-12-30 09:15:00,12642,-4.137,20.424,21.11
2018-12-30 09:30:00,12643,-2.247,20.837,20.30
2018-12-30 09:45:00,12644,-1.47,20.92,19.88
2018-12-30 10:00:00,12645,-1.699,20.549,19.65
2018-12-30 10:15:00,12646,-2.189,19.319,18.74
2018-12-30 10:30:00,12647,-3.094,18.03,18.04
2018-12-30 10:45:00,12648,-4.834,17.279,18.42
2018-12-30 11:00:00,12649,-5.511,17.111,18.69
2018-12-30 11:15:00,12650,-5.418,17.214,18.74
2018-12-30 11:30:00,12651,-5.667,17.491,19.17
2018-12-30 11:45:00,12652,-6.452,17.51,19.70
2018-12-30 12:00:00,12653,-8.297,17.468,20.86
2018-12-30 12:15:00,12654,-9.679,17.835,22.13
2018-12-30 12:30:00,12655,-10.406,18.557,23.32
2018-12-30 12:45:00,12656,-10.301,19.517,24.21
2018-12-30 13:00:00,12657,-10.757,20.122,25.11
2018-12-30 13:15:00,12658,-11.65,20.316,25.89
2018-12-30 13:30:00,12659,-13.581,20.064,26.89
2018-12-30 13:45:00,12660,-14.865,20.011,27.67
2018-12-30 14:00:00,12661,-15.709,20.674,28.88
2018-12-30 14:15:00,12662,-16.409,21.31,29.98
2018-12-30 14:30:00,12663,-17.77,21.803,31.35
2018-12-30 14:45:00,12664,-19.423,21.963,32.59
2018-12-30 15:00:00,12665,-20.931,22.344,33.95
2018-12-30 15:15:00,12666,-22.218,22.737,35.18
2018-12-30 15:30:00,12667,-23.25,23.145,36.26
2018-12-30 15:45:00,12668,-24.543,23.44,37.39
2018-12-30 16:00:00,12669,-26.019,23.477,38.39
2018-12-30 16:15:00,12670,-27.153,23.271,38.92
2018-12-30 16:30:00,12671,-28.34,23.359,39.78
2018-12-30 16:45:00,12672,-29.121,23.537,40.47
2018-12-30 17:00:00,12673,-29.927,23.889,41.34
2018-12-30 17:15:00,12674,-30.76,24.413,42.41
2018-12-30 17:30:00,12675,-31.188,24.995,43.27
2018-12-30 17:45:00,12676,-31.772,25.679,44.33
2018-12-30 18:00:00,12677,-32.069,26.267,45.11
2018-12-30 18:15:00,12678,-32.143,26.987,45.88
2018-12-30 18:30:00,12679,-32.069,27.806,46.65
2018-12-30 18:45:00,12680,-31.92,28.802,47.55
2018-12-30 19:00:00,12681,-31.698,29.659,48.26
2018-12-30 19:15:00,12682,-31.045,30.584,48.76
2018-12-30 19:30:00,12683,-30.831,31.438,49.48
2018-12-30 19:45:00,12684,-30.619,32.06,49.96
2018-12-30 20:00:00,12685,-30.34,32.632,50.35
2018-12-30 20:15:00,12686,-29.79,33.146,50.51
2018-12-30 20:30:00,12687,-29.52,33.688,50.88
2018-12-30 20:45:00,12688,-29.253,34.173,51.19
2018-12-30 21:00:00,12689,-28.858,34.614,51.37
2018-12-30 21:15:00,12690,-28.086,35.154,51.41
2018-12-30 21:30:00,12691,-27.708,35.794,51.80
2018-12-30 21:45:00,12692,-26.371,36.284,51.43
2018-12-30 22:00:00,12693,-25.214,37.414,51.80
2018-12-30 22:15:00,12694,-24.709,38.554,52.61
2018-12-30 22:30:00,12695,-24.433,38.615,52.50
2018-12-30 22:45:00,12696,-23.943,38.131,51.69
2018-12-30 23:00:00,12697,-23.889,37.336,50.86
2018-12-30 23:15:00,12698,-24.323,36.14,49.95
2018-12-30 23:30:00,12699,-24.488,35.489,49.41
2018-12-30 23:45:00,12700,-24.433,35.437,49.32
2018-12-31 00:00:00,12701,-24.214,35.461,49.20
2018-12-31 00:15:00,12702,-23.781,35.71,49.17
2018-12-31 00:30:00,12703,-23.041,36.108,49.08
2018-12-31 00:45:00,12704,-22.626,36.616,49.32
2018-12-31 01:00:00,12705,-21.766,36.885,49.03
2018-12-31 01:15:00,12706,-20.167,37.064,48.17
2018-12-31 01:30:00,12707,-20.026,36.935,47.95
2018-12-31 01:45:00,12708,-19.7,36.477,47.28
2018-12-31 02:00:00,12709,-18.922,36.095,46.39
2018-12-31 02:15:00,12710,-18.252,35.757,45.62
2018-12-31 02:30:00,12711,-17.424,35.14,44.47
2018-12-31 02:45:00,12712,-16.284,34.668,43.25
2018-12-31 03:00:00,12713,-15.104,34.077,41.89
2018-12-31 03:15:00,12714,-14.197,32.972,40.20
2018-12-31 03:30:00,12715,-14.042,31.723,38.85
2018-12-31 03:45:00,12716,-14.392,30.845,38.20
2018-12-31 04:00:00,12717,-14.549,30.528,37.98
2018-12-31 04:15:00,12718,-13.965,30.613,37.69
2018-12-31 04:30:00,12719,-12.38,30.79,36.84
2018-12-31 04:45:00,12720,-9.851,30.474,34.88
2018-12-31 05:00:00,12721,-8.364,29.066,32.50
2018-12-31 05:15:00,12722,-9.066,26.586,30.48
2018-12-31 05:30:00,12723,-10.197,25.001,29.63
2018-12-31 05:45:00,12724,-10.616,24.594,29.49
2018-12-31 06:00:00,12725,-10.934,24.445,29.55
2018-12-31 06:15:00,12726,-10.476,24.511,29.32
2018-12-31 06:30:00,12727,-10.231,24.436,29.09
2018-12-31 06:45:00,12728,-9.747,24.316,28.65
2018-12-31 07:00:00,12729,-9.782,24,28.36
2018-12-31 07:15:00,12730,-8.864,23.786,27.55
2018-12-31 07:30:00,12731,-7.348,23.519,26.30
2018-12-31 07:45:00,12732,-5.141,23.235,24.58
2018-12-31 08:00:00,12733,-4.016,22.678,23.29
2018-12-31 08:15:00,12734,-3.807,21.731,22.21
2018-12-31 08:30:00,12735,-3.33,20.927,21.09
2018-12-31 08:45:00,12736,-3.301,20.284,20.43
2018-12-31 09:00:00,12737,-3.183,19.775,19.84
2018-12-31 09:15:00,12738,-3.153,19.324,19.37
2018-12-31 09:30:00,12739,-3.035,19.007,18.98
2018-12-31 09:45:00,12740,-3.124,18.677,18.71
2018-12-31 10:00:00,12741,-3.153,18.416,18.47
2018-12-31 10:15:00,12742,-3.183,18.089,18.16
2018-12-31 10:30:00,12743,-3.212,17.893,17.98
2018-12-31 10:45:00,12744,-3.449,17.619,17.86
2018-12-31 11:00:00,12745,-4.106,17.386,18.05
2018-12-31 11:15:00,12746,-5.141,17.067,18.41
2018-12-31 11:30:00,12747,-5.854,16.898,18.70
2018-12-31 11:45:00,12748,-6.898,16.839,19.32
2018-12-31 12:00:00,12749,-7.543,16.867,19.77
2018-12-31 12:15:00,12750,-8.231,17.021,20.37
2018-12-31 12:30:00,12751,-8.797,17.053,20.77
2018-12-31 12:45:00,12752,-10.127,16.913,21.50
2018-12-31 13:00:00,12753,-11.613,16.797,22.35
2018-12-31 13:15:00,12754,-13.05,17.001,23.48
2018-12-31 13:30:00,12755,-15.264,17.127,25.05
2018-12-31 13:45:00,12756,-17.04,17.212,26.29
2018-12-31 14:00:00,12757,-18.34,17.573,27.49
2018-12-31 14:15:00,12758,-19.194,18.083,28.56
2018-12-31 14:30:00,12759,-19.839,18.788,29.68
2018-12-31 14:45:00,12760,-20.738,19.411,30.89
2018-12-31 15:00:00,12761,-21.518,19.976,31.96
2018-12-31 15:15:00,12762,-21.916,20.624,32.87
2018-12-31 15:30:00,12763,-22.32,21.207,33.72
2018-12-31 15:45:00,12764,-22.678,21.792,34.53
2018-12-31 16:00:00,12765,-22.989,22.316,35.26
2018-12-31 16:15:00,12766,-23.515,22.702,35.99
2018-12-31 16:30:00,12767,-23.835,23.041,36.53
2018-12-31 16:45:00,12768,-24.323,23.456,37.27
2018-12-31 17:00:00,12769,-24.932,23.801,38.01
2018-12-31 17:15:00,12770,-25.671,24.043,38.73
2018-12-31 17:30:00,12771,-26.136,24.395,39.38
2018-12-31 17:45:00,12772,-26.789,24.85,40.26
2018-12-31 18:00:00,12773,-27.398,25.216,41.02
2018-12-31 18:15:00,12774,-27.959,25.585,41.76
2018-12-31 18:30:00,12775,-28.598,25.886,42.47
2018-12-31 18:45:00,12776,-29.386,26.232,43.33
2018-12-31 19:00:00,12777,-29.858,26.66,44.07
2018-12-31 19:15:00,12778,-30.201,27.274,44.90
2018-12-31 19:30:00,12779,-30.34,28.077,45.80
2018-12-31 19:45:00,12780,-30.479,28.935,46.75
2018-12-31 20:00:00,12781,-30.479,29.919,47.73
2018-12-31 20:15:00,12782,-30.479,30.927,48.74
2018-12-31 20:30:00,12783,-30.34,31.945,49.67
2018-12-31 20:45:00,12784,-30.201,32.932,50.56
2018-12-31 21:00:00,12785,-30.063,33.973,51.51
2018-12-31 21:15:00,12786,-29.858,34.932,52.34
2018-12-31 21:30:00,12787,-29.655,35.833,53.11
2018-12-31 21:45:00,12788,-29.386,36.71,53.81
2018-12-31 22:00:00,12789,-29.253,37.627,54.64
2018-12-31 22:15:00,12790,-28.989,38.472,55.31
2018-12-31 22:30:00,12791,-28.662,39.296,55.93
2018-12-31 22:45:00,12792,-27.959,40.193,56.37
2018-12-31 23:00:00,12793,-27.092,41.166,56.78
2018-12-31 23:15:00,12794,-26.253,42.138,57.20
2018-12-31 23:30:00,12795,-25.556,42.953,57.56
2018-12-31 23:45:00,12796,-24.988,43.472,57.71
2019-01-01 00:00:00,12797,-24.433,43.824,57.71
2019-01-01 00:15:00,12798,-23.889,44.008,57.54
2019-01-01 00:30:00,12799,-23.356,44.051,57.23
2019-01-01 00:45:00,12800,-22.833,43.896,56.74
2019-01-01 01:00:00,12801,-22.32,43.627,56.14
2019-01-01 01:15:00,12802,-21.716,43.397,55.51
2019-01-01 01:30:00,12803,-21.174,43.044,54.81
2019-01-01 01:45:00,12804,-20.499,42.706,54.03
2019-01-01 02:00:00,12805,-19.886,42.329,53.25
2019-01-01 02:15:00,12806,-19.285,41.891,52.43
2019-01-01 02:30:00,12807,-18.607,41.403,51.50
2019-01-01 02:45:00,12808,-17.64,40.802,50.27
2019-01-01 03:00:00,12809,-17.21,40.102,49.29
2019-01-01 03:15:00,12810,-16.618,39.476,48.28
2019-01-01 03:30:00,12811,-16.037,38.961,47.39
2019-01-01 03:45:00,12812,-13.466,39.229,45.98
2019-01-01 04:00:00,12813,-11.65,39.558,45.13
2019-01-01 04:15:00,12814,-10.546,38.201,43.06
2019-01-01 04:30:00,12815,-9.405,36.771,40.88
2019-01-01 04:45:00,12816,-8.198,35.511,38.84
2019-01-01 05:00:00,12817,-7.026,33.683,36.25
2019-01-01 05:15:00,12818,-6.105,31.929,33.90
2019-01-01 05:30:00,12819,-5.979,30.456,32.34
2019-01-01 05:45:00,12820,-6.136,29.541,31.53
2019-01-01 06:00:00,12821,-5.542,28.47,30.07
2019-01-01 06:15:00,12822,-5.141,27.439,28.78
2019-01-01 06:30:00,12823,-3.986,26.557,27.15
2019-01-01 06:45:00,12824,-2.566,25.972,25.64
2019-01-01 07:00:00,12825,-1.67,24.862,23.95
2019-01-01 07:15:00,12826,-0.845,23.544,22.09
2019-01-01 07:30:00,12827,-0.032,22.505,20.53
2019-01-01 07:45:00,12828,0.742,21.521,19.04
2019-01-01 08:00:00,12829,1.588,20.664,17.63
2019-01-01 08:15:00,12830,2.343,19.467,15.94
2019-01-01 08:30:00,12831,2.503,18.753,15.13
2019-01-01 08:45:00,12832,3.433,18.082,13.85
2019-01-01 09:00:00,12833,3.564,17.56,13.24
2019-01-01 09:15:00,12834,2.289,17.554,14.07
2019-01-01 09:30:00,12835,2.477,16.903,13.29
2019-01-01 09:45:00,12836,2.956,16.797,12.88
2019-01-01 10:00:00,12837,3.696,16.372,11.97
2019-01-01 10:15:00,12838,3.301,15.985,11.84
2019-01-01 10:30:00,12839,2.664,15.586,11.85
2019-01-01 10:45:00,12840,1.94,15.217,11.96
2019-01-01 11:00:00,12841,1.643,14.936,11.87
2019-01-01 11:15:00,12842,1.208,14.847,12.06
2019-01-01 11:30:00,12843,0.301,14.537,12.34
2019-01-01 11:45:00,12844,-0.789,14.284,12.80
2019-01-01 12:00:00,12845,-1.958,14.227,13.50
2019-01-01 12:15:00,12846,-3.508,14.282,14.56
2019-01-01 12:30:00,12847,-5.48,14.315,15.88
2019-01-01 12:45:00,12848,-6.706,14.449,16.81
2019-01-01 13:00:00,12849,-8.297,14.629,18.02
2019-01-01 13:15:00,12850,-9.473,14.827,18.98
2019-01-01 13:30:00,12851,-10.301,15.042,19.74
2019-01-01 13:45:00,12852,-12.123,15.139,21.02
2019-01-01 14:00:00,12853,-13.619,15.315,22.17
2019-01-01 14:15:00,12854,-15.385,15.538,23.54
2019-01-01 14:30:00,12855,-17.167,16.009,25.17
2019-01-01 14:45:00,12856,-18.563,16.246,26.31
2019-01-01 15:00:00,12857,-18.787,16.671,26.88
2019-01-01 15:15:00,12858,-19.331,17.077,27.64
2019-01-01 15:30:00,12859,-19.7,17.367,28.17
2019-01-01 15:45:00,12860,-19.654,17.744,28.52
2019-01-01 16:00:00,12861,-20.262,17.956,29.13
2019-01-01 16:15:00,12862,-21.272,17.646,29.47
2019-01-01 16:30:00,12863,-22.678,17.376,30.12
2019-01-01 16:45:00,12864,-24.433,17.332,31.21
2019-01-01 17:00:00,12865,-24.876,17.797,31.97
2019-01-01 17:15:00,12866,-25.671,19.304,33.99
2019-01-01 17:30:00,12867,-26.136,20.941,35.93
2019-01-01 17:45:00,12868,-26.371,22.431,37.57
2019-01-01 18:00:00,12869,-26.49,23.74,38.96
2019-01-01 18:15:00,12870,-26.312,24.918,40.02
2019-01-01 18:30:00,12871,-25.902,26.171,41.01
2019-01-01 18:45:00,12872,-25.556,27.179,41.79
2019-01-01 19:00:00,12873,-25.384,27.903,42.40
2019-01-01 19:15:00,12874,-24.988,28.441,42.68
2019-01-01 19:30:00,12875,-25.844,29.041,43.84
2019-01-01 19:45:00,12876,-25.157,29.015,43.37
2019-01-01 20:00:00,12877,-25.214,29.422,43.81
2019-01-01 20:15:00,12878,-24.543,29.749,43.70
2019-01-01 20:30:00,12879,-25.101,30.078,44.39
2019-01-01 20:45:00,12880,-25.902,30.12,44.96
2019-01-01 21:00:00,12881,-26.136,30.39,45.38
2019-01-01 21:15:00,12882,-26.077,31.038,45.99
2019-01-01 21:30:00,12883,-25.214,31.792,46.18
2019-01-01 21:45:00,12884,-24.105,32.486,46.15
2019-01-01 22:00:00,12885,-23.621,33.031,46.38
2019-01-01 22:15:00,12886,-22.473,33.848,46.46
2019-01-01 22:30:00,12887,-21.966,34.572,46.85
2019-01-01 22:45:00,12888,-21.567,34.38,46.40
2019-01-01 23:00:00,12889,-21.028,33.998,45.67
2019-01-01 23:15:00,12890,-21.125,33.343,45.07
2019-01-01 23:30:00,12891,-20.98,32.535,44.17
2019-01-01 23:45:00,12892,-21.125,32.285,44.02
2019-01-02 00:00:00,12893,-20.931,32.216,43.82
2019-01-02 00:15:00,12894,-20.738,32.382,43.86
2019-01-02 00:30:00,12895,-20.595,32.574,43.96
2019-01-02 00:45:00,12896,-20.69,32.711,44.16
2019-01-02 01:00:00,12897,-20.931,32.775,44.38
2019-01-02 01:15:00,12898,-20.451,33.147,44.44
2019-01-02 01:30:00,12899,-18.563,34.96,45.03
2019-01-02 01:45:00,12900,-17.04,37.59,46.67
2019-01-02 02:00:00,12901,-15.873,39.272,47.59
2019-01-02 02:15:00,12902,-14.905,40.378,48.07
2019-01-02 02:30:00,12903,-15.064,40.359,48.15
2019-01-02 02:45:00,12904,-14.549,39.514,46.97
2019-01-02 03:00:00,12905,-16.037,39.224,47.65
2019-01-02 03:15:00,12906,-17.125,38.194,47.33
2019-01-02 03:30:00,12907,-17.597,37.878,47.32
2019-01-02 03:45:00,12908,-17.727,38.038,47.56
2019-01-02 04:00:00,12909,-17.467,38.417,47.77
2019-01-02 04:15:00,12910,-17.295,38.786,48.03
2019-01-02 04:30:00,12911,-15.954,38.824,47.19
2019-01-02 04:45:00,12912,-15.385,38.509,46.51
2019-01-02 05:00:00,12913,-14.667,37.562,45.10
2019-01-02 05:15:00,12914,-14.159,36.821,44.02
2019-01-02 05:30:00,12915,-13.696,35.892,42.79
2019-01-02 05:45:00,12916,-13.201,35.169,41.75
2019-01-02 06:00:00,12917,-13.126,34.219,40.75
2019-01-02 06:15:00,12918,-12.714,33.6,39.86
2019-01-02 06:30:00,12919,-14.042,32.807,39.93
2019-01-02 06:45:00,12920,-15.024,32.29,40.06
2019-01-02 07:00:00,12921,-15.832,32.301,40.59
2019-01-02 07:15:00,12922,-16.367,32.667,41.31
2019-01-02 07:30:00,12923,-16.828,33.336,42.27
2019-01-02 07:45:00,12924,-17.424,34.313,43.64
2019-01-02 08:00:00,12925,-17.381,35.233,44.53
2019-01-02 08:15:00,12926,-17.338,35.915,45.18
2019-01-02 08:30:00,12927,-17.295,36.829,46.07
2019-01-02 08:45:00,12928,-16.786,37.355,46.27
2019-01-02 09:00:00,12929,-16.702,37.862,46.72
2019-01-02 09:15:00,12930,-16.326,38.168,46.78
2019-01-02 09:30:00,12931,-16.409,37.895,46.56
2019-01-02 09:45:00,12932,-16.744,37.945,46.83
2019-01-02 10:00:00,12933,-16.828,37.906,46.84
2019-01-02 10:15:00,12934,-16.955,37.892,46.91
2019-01-02 10:30:00,12935,-17.338,37.994,47.26
2019-01-02 10:45:00,12936,-17.338,38.14,47.41
2019-01-02 11:00:00,12937,-15.466,38.5,46.55
2019-01-02 11:15:00,12938,-13.543,38.101,44.90
2019-01-02 11:30:00,12939,-12.013,36.43,42.24
2019-01-02 11:45:00,12940,-10.863,34.36,39.42
2019-01-02 12:00:00,12941,-12.159,32.509,38.41
2019-01-02 12:15:00,12942,-14.042,31.12,38.25
2019-01-02 12:30:00,12943,-15.385,30.028,38.03
2019-01-02 12:45:00,12944,-16.492,29.203,37.92
2019-01-02 13:00:00,12945,-17.727,28.489,38.01
2019-01-02 13:15:00,12946,-18.967,28.199,38.53
2019-01-02 13:30:00,12947,-18.518,28.179,38.22
2019-01-02 13:45:00,12948,-17.253,28.682,37.90
2019-01-02 14:00:00,12949,-16.828,29.112,38.05
2019-01-02 14:15:00,12950,-17.338,29.066,38.34
2019-01-02 14:30:00,12951,-18.296,29.161,39.05
2019-01-02 14:45:00,12952,-19.469,30.191,40.85
2019-01-02 15:00:00,12953,-20.026,31.714,42.73
2019-01-02 15:15:00,12954,-20.167,33.088,44.20
2019-01-02 15:30:00,12955,-20.547,34.517,45.87
2019-01-02 15:45:00,12956,-20.642,36.024,47.44
2019-01-02 16:00:00,12957,-20.738,37.724,49.20
2019-01-02 16:15:00,12958,-21.916,38.452,50.70
2019-01-02 16:30:00,12959,-22.781,38.609,51.42
2019-01-02 16:45:00,12960,-24.214,38.641,52.38
2019-01-02 17:00:00,12961,-25.101,38.423,52.74
2019-01-02 17:15:00,12962,-25.498,39,53.57
2019-01-02 17:30:00,12963,-25.556,40.066,54.68
2019-01-02 17:45:00,12964,-25.441,41.346,55.88
2019-01-02 18:00:00,12965,-25.384,42.696,57.20
2019-01-02 18:15:00,12966,-25.214,43.943,58.33
2019-01-02 18:30:00,12967,-25.101,45.095,59.41
2019-01-02 18:45:00,12968,-24.932,46.112,60.32
2019-01-02 19:00:00,12969,-24.598,47.094,61.08
2019-01-02 19:15:00,12970,-24.214,48.054,61.79
2019-01-02 19:30:00,12971,-23.781,48.938,62.40
2019-01-02 19:45:00,12972,-23.462,49.805,63.06
2019-01-02 20:00:00,12973,-23.093,50.514,63.52
2019-01-02 20:15:00,12974,-22.833,51.07,63.91
2019-01-02 20:30:00,12975,-22.422,51.487,64.06
2019-01-02 20:45:00,12976,-21.966,51.774,64.05
2019-01-02 21:00:00,12977,-22.016,51.685,64.00
2019-01-02 21:15:00,12978,-22.524,51.199,63.84
2019-01-02 21:30:00,12979,-23.303,50.537,63.68
2019-01-02 21:45:00,12980,-23.409,50.085,63.30
2019-01-02 22:00:00,12981,-23.515,50.178,63.46
2019-01-02 22:15:00,12982,-23.568,50.279,63.60
2019-01-02 22:30:00,12983,-23.462,50.567,63.82
2019-01-02 22:45:00,12984,-23.462,50.92,64.17
2019-01-02 23:00:00,12985,-23.462,51.191,64.44
2019-01-02 23:15:00,12986,-23.356,51.397,64.58
2019-01-02 23:30:00,12987,-22.729,51.792,64.57
2019-01-02 23:45:00,12988,-21.916,52.244,64.49
2019-01-03 00:00:00,12989,-21.272,52.425,64.25
2019-01-03 00:15:00,12990,-21.028,52.3,63.97
2019-01-03 00:30:00,12991,-20.931,52.043,63.65
2019-01-03 00:45:00,12992,-20.167,51.313,62.42
2019-01-03 01:00:00,12993,-19.793,50.986,61.85
2019-01-03 01:15:00,12994,-19.561,50.498,61.21
2019-01-03 01:30:00,12995,-19.24,49.827,60.33
2019-01-03 01:45:00,12996,-18.34,48.82,58.74
2019-01-03 02:00:00,12997,-17.553,47.645,57.05
2019-01-03 02:15:00,12998,-17.04,46.08,55.16
2019-01-03 02:30:00,12999,-16.997,44.467,53.52
2019-01-03 02:45:00,13000,-17.125,43.223,52.35
2019-01-03 03:00:00,13001,-17.125,42.248,51.38
2019-01-03 03:15:00,13002,-16.326,41.453,50.06
2019-01-03 03:30:00,13003,-15.547,40.853,48.96
2019-01-03 03:45:00,13004,-14.51,39.724,47.16
2019-01-03 04:00:00,13005,-13.888,38.357,45.38
2019-01-03 04:15:00,13006,-13.126,37.052,43.58
2019-01-03 04:30:00,13007,-12.676,35.583,41.82
2019-01-03 04:45:00,13008,-12.38,34.265,40.31
2019-01-03 05:00:00,13009,-11.613,33.228,38.78
2019-01-03 05:15:00,13010,-10.863,32.332,37.39
2019-01-03 05:30:00,13011,-10.231,31.417,36.07
2019-01-03 05:45:00,13012,-9.542,30.655,34.86
2019-01-03 06:00:00,13013,-8.797,30.293,34.01
2019-01-03 06:15:00,13014,-8.797,29.831,33.55
2019-01-03 06:30:00,13015,-8.066,28.597,31.84
2019-01-03 06:45:00,13016,-8.73,27.764,31.44
2019-01-03 07:00:00,13017,-8.63,27.244,30.85
2019-01-03 07:15:00,13018,-8.864,26.54,30.30
2019-01-03 07:30:00,13019,-9.337,26.004,30.07
2019-01-03 07:45:00,13020,-8.331,25.709,29.12
2019-01-03 08:00:00,13021,-8,25.327,28.53
2019-01-03 08:15:00,13022,-7.51,24.831,27.71
2019-01-03 08:30:00,13023,-6.77,24.32,26.72
2019-01-03 08:45:00,13024,-6.642,23.856,26.17
2019-01-03 09:00:00,13025,-6.168,23.352,25.36
2019-01-03 09:15:00,13026,-5.233,22.974,24.38
2019-01-03 09:30:00,13027,-4.076,22.385,23.03
2019-01-03 09:45:00,13028,-1.929,21.859,21.11
2019-01-03 10:00:00,13029,-0.62,21.624,20.03
2019-01-03 10:15:00,13030,0.218,21.226,19.08
2019-01-03 10:30:00,13031,0.55,20.14,17.78
2019-01-03 10:45:00,13032,0.246,19.011,16.85
2019-01-03 11:00:00,13033,0.384,18.299,16.05
2019-01-03 11:15:00,13034,-0.06,17.683,15.72
2019-01-03 11:30:00,13035,-1.015,17.235,15.89
2019-01-03 11:45:00,13036,-1.356,17.281,16.16
2019-01-03 12:00:00,13037,-1.958,18.422,17.69
2019-01-03 12:15:00,13038,-2.771,18.049,17.85
2019-01-03 12:30:00,13039,-5.418,17.246,18.77
2019-01-03 12:45:00,13040,-7.869,17.042,20.16
2019-01-03 13:00:00,13041,-10.546,16.698,21.55
2019-01-03 13:15:00,13042,-12.751,16.764,23.05
2019-01-03 13:30:00,13043,-14.746,17.252,24.84
2019-01-03 13:45:00,13044,-16.87,17.849,26.81
2019-01-03 14:00:00,13045,-18.877,18.663,28.93
2019-01-03 14:15:00,13046,-19.24,20.003,30.51
2019-01-03 14:30:00,13047,-19.331,22.368,32.93
2019-01-03 14:45:00,13048,-19.933,24.946,35.90
2019-01-03 15:00:00,13049,-20.167,27.494,38.60
2019-01-03 15:15:00,13050,-20.214,30.39,41.53
2019-01-03 15:30:00,13051,-20.309,33.103,44.30
2019-01-03 15:45:00,13052,-20.499,35.457,46.78
2019-01-03 16:00:00,13053,-21.125,37.188,48.92
2019-01-03 16:15:00,13054,-22.016,38.699,51.01
2019-01-03 16:30:00,13055,-22.937,40.301,53.21
2019-01-03 16:45:00,13056,-23.674,41.906,55.29
2019-01-03 17:00:00,13057,-24.214,43.463,57.20
2019-01-03 17:15:00,13058,-24.378,45.443,59.29
2019-01-03 17:30:00,13059,-24.709,47.545,61.61
2019-01-03 17:45:00,13060,-25.101,49.18,63.50
2019-01-03 18:00:00,13061,-26.253,50.171,65.24
2019-01-03 18:15:00,13062,-27.959,48.918,65.09
2019-01-03 18:30:00,13063,-29.386,47.899,65.00
2019-01-03 18:45:00,13064,-30.27,47.206,64.88
2019-01-03 19:00:00,13065,-30.76,46.947,64.94
2019-01-03 19:15:00,13066,-30.76,47.027,65.02
2019-01-03 19:30:00,13067,-30.201,47.565,65.20
2019-01-03 19:45:00,13068,-29.453,48.481,65.63
2019-01-03 20:00:00,13069,-28.727,49.394,66.07
2019-01-03 20:15:00,13070,-28.149,50.258,66.55
2019-01-03 20:30:00,13071,-27.833,51.081,67.17
2019-01-03 20:45:00,13072,-27.584,51.68,67.61
2019-01-03 21:00:00,13073,-27.833,52.12,68.21
2019-01-03 21:15:00,13074,-27.833,52.199,68.29
2019-01-03 21:30:00,13075,-27.337,52.438,68.21
2019-01-03 21:45:00,13076,-26.729,52.8,68.17
2019-01-03 22:00:00,13077,-26.253,53.195,68.26
2019-01-03 22:15:00,13078,-25.728,53.519,68.24
2019-01-03 22:30:00,13079,-25.101,53.993,68.31
2019-01-03 22:45:00,13080,-24.16,54.573,68.28
2019-01-03 23:00:00,13081,-23.568,55.043,68.36
2019-01-03 23:15:00,13082,-23.409,54.963,68.18
2019-01-03 23:30:00,13083,-23.25,54.535,67.65
2019-01-03 23:45:00,13084,-23.093,53.972,66.98
2019-01-04 00:00:00,13085,-22.989,53.425,66.37
2019-01-04 00:15:00,13086,-22.781,52.919,65.73
2019-01-04 00:30:00,13087,-22.626,52.457,65.16
2019-01-04 00:45:00,13088,-22.575,52.005,64.68
2019-01-04 01:00:00,13089,-22.32,51.529,64.04
2019-01-04 01:15:00,13090,-22.117,51.18,63.56
2019-01-04 01:30:00,13091,-21.617,50.792,62.84
2019-01-04 01:45:00,13092,-20.738,50.459,61.94
2019-01-04 02:00:00,13093,-19.886,50.256,61.18
2019-01-04 02:15:00,13094,-19.423,49.745,60.37
2019-01-04 02:30:00,13095,-18.607,49.227,59.32
2019-01-04 02:45:00,13096,-18.032,48.501,58.22
2019-01-04 03:00:00,13097,-17.295,47.456,56.70
2019-01-04 03:15:00,13098,-16.618,46.195,55.00
2019-01-04 03:30:00,13099,-16.202,44.629,53.16
2019-01-04 03:45:00,13100,-16.202,42.967,51.50
2019-01-04 04:00:00,13101,-15.954,41.325,49.70
2019-01-04 04:15:00,13102,-16.119,40.087,48.56
2019-01-04 04:30:00,13103,-16.284,39.195,47.78
2019-01-04 04:45:00,13104,-16.367,38.572,47.21
2019-01-04 05:00:00,13105,-16.326,38.109,46.72
2019-01-04 05:15:00,13106,-15.506,37.821,45.90
2019-01-04 05:30:00,13107,-13.772,37.277,44.23
2019-01-04 05:45:00,13108,-12.975,36.147,42.58
2019-01-04 06:00:00,13109,-12.306,34.843,40.84
2019-01-04 06:15:00,13110,-12.159,33.445,39.35
2019-01-04 06:30:00,13111,-11.94,32.591,38.35
2019-01-04 06:45:00,13112,-11.831,31.814,37.50
2019-01-04 07:00:00,13113,-12.159,31.236,37.14
2019-01-04 07:15:00,13114,-12.233,30.743,36.69
2019-01-04 07:30:00,13115,-11.794,30.357,36.02
2019-01-04 07:45:00,13116,-13.277,30.646,37.28
2019-01-04 08:00:00,13117,-13.965,31.187,38.26
2019-01-04 08:15:00,13118,-14.432,31.716,39.10
2019-01-04 08:30:00,13119,-14.314,32.119,39.42
2019-01-04 08:45:00,13120,-14.236,32.517,39.77
2019-01-04 09:00:00,13121,-13.657,32.634,39.51
2019-01-04 09:15:00,13122,-13.619,32.427,39.28
2019-01-04 09:30:00,13123,-13.315,31.853,38.51
2019-01-04 09:45:00,13124,-12.863,31.2,37.56
2019-01-04 10:00:00,13125,-12.196,30.32,36.25
2019-01-04 10:15:00,13126,-12.159,29.286,35.19
2019-01-04 10:30:00,13127,-12.491,28.307,34.43
2019-01-04 10:45:00,13128,-12.751,27.886,34.17
2019-01-04 11:00:00,13129,-12.825,27.327,33.66
2019-01-04 11:15:00,13130,-13.696,26.764,33.67
2019-01-04 11:30:00,13131,-15.064,26.038,33.83
2019-01-04 11:45:00,13132,-16.451,25.742,34.44
2019-01-04 12:00:00,13133,-17.553,25.897,35.31
2019-01-04 12:15:00,13134,-16.955,26.342,35.36
2019-01-04 12:30:00,13135,-16.243,27.375,35.93
2019-01-04 12:45:00,13136,-16.326,28.249,36.86
2019-01-04 13:00:00,13137,-17.51,27.934,37.32
2019-01-04 13:15:00,13138,-19.012,27.352,37.71
2019-01-04 13:30:00,13139,-20.026,26.964,37.98
2019-01-04 13:45:00,13140,-20.738,27.145,38.62
2019-01-04 14:00:00,13141,-20.642,27.543,38.96
2019-01-04 14:15:00,13142,-20.451,27.98,39.27
2019-01-04 14:30:00,13143,-20.738,28.224,39.70
2019-01-04 14:45:00,13144,-20.547,28.271,39.63
2019-01-04 15:00:00,13145,-21.174,28.454,40.22
2019-01-04 15:15:00,13146,-22.32,28.144,40.65
2019-01-04 15:30:00,13147,-22.885,27.975,40.85
2019-01-04 15:45:00,13148,-23.356,28.112,41.29
2019-01-04 16:00:00,13149,-24.654,28.264,42.29
2019-01-04 16:15:00,13150,-26.729,27.873,43.25
2019-01-04 16:30:00,13151,-28.213,27.683,44.02
2019-01-04 16:45:00,13152,-28.989,28.14,44.98
2019-01-04 17:00:00,13153,-29.253,29.165,46.18
2019-01-04 17:15:00,13154,-29.386,30.428,47.53
2019-01-04 17:30:00,13155,-29.386,31.898,49.00
2019-01-04 17:45:00,13156,-29.253,33.431,50.45
2019-01-04 18:00:00,13157,-29.121,34.871,51.80
2019-01-04 18:15:00,13158,-29.055,36.239,53.12
2019-01-04 18:30:00,13159,-29.121,37.473,54.40
2019-01-04 18:45:00,13160,-29.055,38.661,55.55
2019-01-04 19:00:00,13161,-29.055,39.779,56.66
2019-01-04 19:15:00,13162,-29.055,40.753,57.64
2019-01-04 19:30:00,13163,-29.121,41.549,58.48
2019-01-04 19:45:00,13164,-29.121,42.157,59.09
2019-01-04 20:00:00,13165,-29.121,42.764,59.69
2019-01-04 20:15:00,13166,-28.989,43.304,60.15
2019-01-04 20:30:00,13167,-28.598,43.905,60.49
2019-01-04 20:45:00,13168,-28.213,44.588,60.93
2019-01-04 21:00:00,13169,-27.833,45.243,61.33
2019-01-04 21:15:00,13170,-27.337,45.968,61.74
2019-01-04 21:30:00,13171,-26.669,46.554,61.89
2019-01-04 21:45:00,13172,-26.077,46.912,61.86
2019-01-04 22:00:00,13173,-25.498,47.021,61.59
2019-01-04 22:15:00,13174,-24.876,46.945,61.11
2019-01-04 22:30:00,13175,-24.269,46.728,60.50
2019-01-04 22:45:00,13176,-23.781,46.244,59.70
2019-01-04 23:00:00,13177,-23.356,45.694,58.88
2019-01-04 23:15:00,13178,-22.989,45.271,58.21
2019-01-04 23:30:00,13179,-22.524,44.972,57.61
2019-01-04 23:45:00,13180,-21.916,44.746,56.99
2019-01-05 00:00:00,13181,-21.419,44.532,56.45
2019-01-05 00:15:00,13182,-20.69,44.207,55.66
2019-01-05 00:30:00,13183,-20.262,43.642,54.81
2019-01-05 00:45:00,13184,-19.793,42.995,53.86
2019-01-05 01:00:00,13185,-19.331,42.399,52.96
2019-01-05 01:15:00,13186,-18.518,41.586,51.62
2019-01-05 01:30:00,13187,-18.208,40.704,50.54
2019-01-05 01:45:00,13188,-18.032,39.918,49.64
2019-01-05 02:00:00,13189,-17.813,39.191,48.77
2019-01-05 02:15:00,13190,-17.901,38.542,48.18
2019-01-05 02:30:00,13191,-17.338,37.965,47.23
2019-01-05 02:45:00,13192,-16.326,37.729,46.34
2019-01-05 03:00:00,13193,-16.202,37.097,45.63
2019-01-05 03:15:00,13194,-16.451,36.246,44.94
2019-01-05 03:30:00,13195,-16.243,35.797,44.35
2019-01-05 03:45:00,13196,-15.628,35.537,43.70
2019-01-05 04:00:00,13197,-15.224,35.195,43.09
2019-01-05 04:15:00,13198,-14.945,34.54,42.25
2019-01-05 04:30:00,13199,-14.826,33.956,41.59
2019-01-05 04:45:00,13200,-13.734,33.558,40.49
2019-01-05 05:00:00,13201,-13.201,32.89,39.47
2019-01-05 05:15:00,13202,-12.602,32.255,38.45
2019-01-05 05:30:00,13203,-12.013,31.645,37.45
2019-01-05 05:45:00,13204,-11.04,31.037,36.21
2019-01-05 06:00:00,13205,-10.581,30.346,35.22
2019-01-05 06:15:00,13206,-10.863,29.278,34.34
2019-01-05 06:30:00,13207,-9.747,28.76,33.10
2019-01-05 06:45:00,13208,-9.61,28.741,32.99
2019-01-05 07:00:00,13209,-9.713,28.578,32.89
2019-01-05 07:15:00,13210,-10.023,27.872,32.39
2019-01-05 07:30:00,13211,-9.269,27.688,31.71
2019-01-05 07:45:00,13212,-9.61,27.039,31.29
2019-01-05 08:00:00,13213,-9.134,26.269,30.21
2019-01-05 08:15:00,13214,-8,25.86,29.06
2019-01-05 08:30:00,13215,-6.738,25.96,28.34
2019-01-05 08:45:00,13216,-5.823,26.347,28.13
2019-01-05 09:00:00,13217,-5.172,26.084,27.45
2019-01-05 09:15:00,13218,-4.712,25.615,26.68
2019-01-05 09:30:00,13219,-4.227,24.765,25.51
2019-01-05 09:45:00,13220,-4.197,23.909,24.64
2019-01-05 10:00:00,13221,-4.773,22.943,24.05
2019-01-05 10:15:00,13222,-5.326,22.011,23.47
2019-01-05 10:30:00,13223,-5.885,21.271,23.10
2019-01-05 10:45:00,13224,-6.073,20.715,22.66
2019-01-05 11:00:00,13225,-6.642,20.294,22.61
2019-01-05 11:15:00,13226,-7.316,19.899,22.65
2019-01-05 11:30:00,13227,-8.165,19.557,22.86
2019-01-05 11:45:00,13228,-9.508,19.313,23.49
2019-01-05 12:00:00,13229,-11.254,19.457,24.77
2019-01-05 12:15:00,13230,-12.528,20.133,26.28
2019-01-05 12:30:00,13231,-13.696,20.746,27.65
2019-01-05 12:45:00,13232,-14.826,21.606,29.24
2019-01-05 13:00:00,13233,-16.243,22.777,31.33
2019-01-05 13:15:00,13234,-20.214,23.678,34.82
2019-01-05 13:30:00,13235,-22.833,23.479,36.32
2019-01-05 13:45:00,13236,-24.709,23.397,37.46
2019-01-05 14:00:00,13237,-26.253,23.579,38.64
2019-01-05 14:15:00,13238,-27.584,24.013,39.94
2019-01-05 14:30:00,13239,-28.598,24.527,41.12
2019-01-05 14:45:00,13240,-27.584,25.172,41.10
2019-01-05 15:00:00,13241,-26.253,26.467,41.53
2019-01-05 15:15:00,13242,-25.556,27.622,42.23
2019-01-05 15:30:00,13243,-25.786,28.074,42.83
2019-01-05 15:45:00,13244,-26.669,27.996,43.33
2019-01-05 16:00:00,13245,-27.46,27.749,43.60
2019-01-05 16:15:00,13246,-27.337,27.937,43.71
2019-01-05 16:30:00,13247,-26.849,28.567,44.02
2019-01-05 16:45:00,13248,-26.849,29.036,44.49
2019-01-05 17:00:00,13249,-27.275,29.173,44.90
2019-01-05 17:15:00,13250,-27.584,29.378,45.31
2019-01-05 17:30:00,13251,-27.708,29.658,45.67
2019-01-05 17:45:00,13252,-27.522,30.025,45.91
2019-01-05 18:00:00,13253,-27.46,30.38,46.23
2019-01-05 18:15:00,13254,-27.46,30.671,46.52
2019-01-05 18:30:00,13255,-27.646,30.943,46.91
2019-01-05 18:45:00,13256,-28.276,31.172,47.55
2019-01-05 19:00:00,13257,-28.858,31.23,47.99
2019-01-05 19:15:00,13258,-28.923,31.512,48.31
2019-01-05 19:30:00,13259,-28.858,32.008,48.77
2019-01-05 19:45:00,13260,-28.792,32.561,49.28
2019-01-05 20:00:00,13261,-28.727,33.142,49.81
2019-01-05 20:15:00,13262,-28.727,33.715,50.39
2019-01-05 20:30:00,13263,-29.121,34.102,51.03
2019-01-05 20:45:00,13264,-29.52,34.401,51.59
2019-01-05 21:00:00,13265,-29.927,34.84,52.29
2019-01-05 21:15:00,13266,-30.132,35.44,53.03
2019-01-05 21:30:00,13267,-30.27,36.215,53.89
2019-01-05 21:45:00,13268,-30.34,37.108,54.83
2019-01-05 22:00:00,13269,-30.27,38.096,55.77
2019-01-05 22:15:00,13270,-30.063,39.098,56.64
2019-01-05 22:30:00,13271,-29.52,40.223,57.41
2019-01-05 22:45:00,13272,-28.727,41.516,58.19
2019-01-05 23:00:00,13273,-27.959,42.529,58.70
2019-01-05 23:15:00,13274,-27.337,43.495,59.26
2019-01-05 23:30:00,13275,-26.789,44.369,59.78
2019-01-05 23:45:00,13276,-26.253,45.048,60.11
2019-01-06 00:00:00,13277,-25.844,45.627,60.43
2019-01-06 00:15:00,13278,-25.101,46.116,60.43
2019-01-06 00:30:00,13279,-24.105,46.916,60.58
2019-01-06 00:45:00,13280,-23.041,47.976,60.95
2019-01-06 01:00:00,13281,-22.218,48.838,61.28
2019-01-06 01:15:00,13282,-21.125,49.521,61.25
2019-01-06 01:30:00,13283,-20.12,50.386,61.46
2019-01-06 01:45:00,13284,-19.149,51.166,61.61
2019-01-06 02:00:00,13285,-18.252,51.798,61.66
2019-01-06 02:15:00,13286,-17.295,52.192,61.43
2019-01-06 02:30:00,13287,-16.786,52.05,60.96
2019-01-06 02:45:00,13288,-16.492,49.674,58.39
2019-01-06 03:00:00,13289,-16.119,47.197,55.67
2019-01-06 03:15:00,13290,-15.709,45.008,53.22
2019-01-06 03:30:00,13291,-15.547,43.223,51.33
2019-01-06 03:45:00,13292,-14.984,42.197,49.94
2019-01-06 04:00:00,13293,-14.945,41.217,48.93
2019-01-06 04:15:00,13294,-14.589,39.714,47.20
2019-01-06 04:30:00,13295,-13.888,39.004,46.03
2019-01-06 04:45:00,13296,-13.277,38.986,45.62
2019-01-06 05:00:00,13297,-12.975,38.283,44.72
2019-01-06 05:15:00,13298,-12.676,40.086,46.33
2019-01-06 05:30:00,13299,-12.086,41.096,46.95
2019-01-06 05:45:00,13300,-11.433,39.908,45.34
2019-01-06 06:00:00,13301,-11.433,37.447,42.88
2019-01-06 06:15:00,13302,-10.476,34.912,39.72
2019-01-06 06:30:00,13303,-9.61,32.849,37.10
2019-01-06 06:45:00,13304,-8.663,31.963,35.59
2019-01-06 07:00:00,13305,-8,30.889,34.09
2019-01-06 07:15:00,13306,-7.478,31.461,34.32
2019-01-06 07:30:00,13307,-6.642,31.292,33.61
2019-01-06 07:45:00,13308,-5.605,29.993,31.64
2019-01-06 08:00:00,13309,-5.11,28.539,29.86
2019-01-06 08:15:00,13310,-5.449,27.194,28.74
2019-01-06 08:30:00,13311,-5.823,26.001,27.79
2019-01-06 08:45:00,13312,-6.452,25.007,27.20
2019-01-06 09:00:00,13313,-7.058,24.33,26.92
2019-01-06 09:15:00,13314,-7.122,23.915,26.54
2019-01-06 09:30:00,13315,-7.348,23.393,26.17
2019-01-06 09:45:00,13316,-8.797,24.043,27.76
2019-01-06 10:00:00,13317,-12.528,24.386,30.53
2019-01-06 10:15:00,13318,-15.345,23.863,31.84
2019-01-06 10:30:00,13319,-17.21,23.722,32.91
2019-01-06 10:45:00,13320,-18.252,23.949,33.81
2019-01-06 11:00:00,13321,-18.967,24.353,34.68
2019-01-06 11:15:00,13322,-19.607,24.699,35.44
2019-01-06 11:30:00,13323,-17.253,25.006,34.22
2019-01-06 11:45:00,13324,-15.628,26.665,34.82
2019-01-06 12:00:00,13325,-14.865,28.711,36.37
2019-01-06 12:15:00,13326,-15.064,30.269,38.06
2019-01-06 12:30:00,13327,-14.984,30.699,38.44
2019-01-06 12:45:00,13328,-14.984,30.609,38.35
2019-01-06 13:00:00,13329,-15.873,30.013,38.33
2019-01-06 13:15:00,13330,-16.702,29.184,38.04
2019-01-06 13:30:00,13331,-17.467,28.27,37.62
2019-01-06 13:45:00,13332,-17.727,27.401,36.92
2019-01-06 14:00:00,13333,-17.944,27.019,36.68
2019-01-06 14:15:00,13334,-18.252,26.933,36.80
2019-01-06 14:30:00,13335,-18.34,26.562,36.48
2019-01-06 14:45:00,13336,-19.194,26.097,36.57
2019-01-06 15:00:00,13337,-20.167,25.624,36.73
2019-01-06 15:15:00,13338,-20.69,25.219,36.67
2019-01-06 15:30:00,13339,-21.028,24.769,36.44
2019-01-06 15:45:00,13340,-21.667,24.476,36.56
2019-01-06 16:00:00,13341,-22.422,24.146,36.72
2019-01-06 16:15:00,13342,-22.937,23.894,36.80
2019-01-06 16:30:00,13343,-23.356,23.802,36.98
2019-01-06 16:45:00,13344,-23.674,23.657,37.05
2019-01-06 17:00:00,13345,-23.889,23.7,37.23
2019-01-06 17:15:00,13346,-24.323,23.788,37.60
2019-01-06 17:30:00,13347,-24.765,23.753,37.85
2019-01-06 17:45:00,13348,-25.101,23.668,37.98
2019-01-06 18:00:00,13349,-25.613,23.688,38.34
2019-01-06 18:15:00,13350,-25.902,23.875,38.71
2019-01-06 18:30:00,13351,-25.96,24.14,39.01
2019-01-06 18:45:00,13352,-26.609,24.566,39.86
2019-01-06 19:00:00,13353,-27.959,24.281,40.45
2019-01-06 19:15:00,13354,-28.662,24.107,40.74
2019-01-06 19:30:00,13355,-30.201,24.192,41.82
2019-01-06 19:45:00,13356,-31.333,24.367,42.73
2019-01-06 20:00:00,13357,-31.92,24.906,43.65
2019-01-06 20:15:00,13358,-32.219,25.729,44.67
2019-01-06 20:30:00,13359,-32.369,26.793,45.83
2019-01-06 20:45:00,13360,-30.063,28.509,46.05
2019-01-06 21:00:00,13361,-29.32,30.665,47.72
2019-01-06 21:15:00,13362,-28.598,32.207,48.80
2019-01-06 21:30:00,13363,-27.771,33.528,49.58
2019-01-06 21:45:00,13364,-27.092,34.69,50.30
2019-01-06 22:00:00,13365,-26.194,35.818,50.84
2019-01-06 22:15:00,13366,-25.671,36.934,51.62
2019-01-06 22:30:00,13367,-26.849,36.942,52.39
2019-01-06 22:45:00,13368,-27.584,36.518,52.45
2019-01-06 23:00:00,13369,-28.086,36.575,52.83
2019-01-06 23:15:00,13370,-27.833,37.17,53.26
2019-01-06 23:30:00,13371,-27.092,38.218,53.83
2019-01-06 23:45:00,13372,-23.889,39.987,53.51
2019-01-07 00:00:00,13373,-21.419,43.125,55.05
2019-01-07 00:15:00,13374,-19.149,44.014,54.46
2019-01-07 00:30:00,13375,-16.87,42.71,51.68
2019-01-07 00:45:00,13376,-16.202,39.903,48.43
2019-01-07 01:00:00,13377,-15.264,36.818,44.74
2019-01-07 01:15:00,13378,-14.042,34.454,41.58
2019-01-07 01:30:00,13379,-13.013,32.607,39.07
2019-01-07 01:45:00,13380,-11.867,30.716,36.43
2019-01-07 02:00:00,13381,-10.686,29.355,34.30
2019-01-07 02:15:00,13382,-9.989,28.924,33.42
2019-01-07 02:30:00,13383,-11.469,27.626,33.08
2019-01-07 02:45:00,13384,-15.064,25.792,33.58
2019-01-07 03:00:00,13385,-17.082,25.569,34.67
2019-01-07 03:15:00,13386,-18.518,26.304,36.34
2019-01-07 03:30:00,13387,-19.331,27.445,38.01
2019-01-07 03:45:00,13388,-20.026,28.646,39.66
2019-01-07 04:00:00,13389,-20.451,29.802,41.10
2019-01-07 04:15:00,13390,-20.451,31.169,42.46
2019-01-07 04:30:00,13391,-20.356,32.627,43.86
2019-01-07 04:45:00,13392,-20.167,33.794,44.90
2019-01-07 05:00:00,13393,-19.839,34.708,45.60
2019-01-07 05:15:00,13394,-19.561,35.265,45.98
2019-01-07 05:30:00,13395,-19.285,35.5,46.04
2019-01-07 05:45:00,13396,-18.967,35.504,45.83
2019-01-07 06:00:00,13397,-18.518,35.494,45.53
2019-01-07 06:15:00,13398,-18.076,35.365,45.11
2019-01-07 06:30:00,13399,-16.997,34.89,43.94
2019-01-07 06:45:00,13400,-15.064,34.2,41.99
2019-01-07 07:00:00,13401,-14.081,33.163,40.32
2019-01-07 07:15:00,13402,-14.826,31.859,39.50
2019-01-07 07:30:00,13403,-15.264,30.944,38.87
2019-01-07 07:45:00,13404,-15.547,30.436,38.54
2019-01-07 08:00:00,13405,-15.832,30.228,38.52
2019-01-07 08:15:00,13406,-16.243,30.13,38.69
2019-01-07 08:30:00,13407,-16.618,30.156,38.96
2019-01-07 08:45:00,13408,-16.912,30.189,39.18
2019-01-07 09:00:00,13409,-17.424,30.202,39.53
2019-01-07 09:15:00,13410,-17.813,30.285,39.86
2019-01-07 09:30:00,13411,-17.857,30.461,40.07
2019-01-07 09:45:00,13412,-17.77,30.679,40.23
2019-01-07 10:00:00,13413,-18.787,30.315,40.53
2019-01-07 10:15:00,13414,-18.607,30.092,40.19
2019-01-07 10:30:00,13415,-18.697,30.203,40.36
2019-01-07 10:45:00,13416,-18.922,30.063,40.36
2019-01-07 11:00:00,13417,-19.24,29.735,40.24
2019-01-07 11:15:00,13418,-19.423,29.509,40.13
2019-01-07 11:30:00,13419,-19.979,29.368,40.35
2019-01-07 11:45:00,13420,-20.642,28.89,40.31
2019-01-07 12:00:00,13421,-21.419,28.433,40.36
2019-01-07 12:15:00,13422,-22.016,28.111,40.42
2019-01-07 12:30:00,13423,-22.371,27.931,40.47
2019-01-07 12:45:00,13424,-22.729,27.9,40.67
2019-01-07 13:00:00,13425,-23.462,27.806,41.06
2019-01-07 13:15:00,13426,-24.323,27.344,41.15
2019-01-07 13:30:00,13427,-25.101,27.01,41.33
2019-01-07 13:45:00,13428,-25.613,26.788,41.44
2019-01-07 14:00:00,13429,-26.312,26.67,41.77
2019-01-07 14:15:00,13430,-26.849,26.506,41.96
2019-01-07 14:30:00,13431,-27.398,26.518,42.33
2019-01-07 14:45:00,13432,-27.771,26.604,42.66
2019-01-07 15:00:00,13433,-28.34,26.762,43.18
2019-01-07 15:15:00,13434,-28.858,26.864,43.62
2019-01-07 15:30:00,13435,-29.32,27.058,44.12
2019-01-07 15:45:00,13436,-29.79,27.193,44.56
2019-01-07 16:00:00,13437,-30.549,27.243,45.10
2019-01-07 16:15:00,13438,-31.188,27.245,45.52
2019-01-07 16:30:00,13439,-32.219,27.242,46.18
2019-01-07 16:45:00,13440,-33.061,27.196,46.69
2019-01-07 17:00:00,13441,-33.614,27.379,47.23
2019-01-07 17:15:00,13442,-33.936,27.782,47.84
2019-01-07 17:30:00,13443,-34.098,28.371,48.53
2019-01-07 17:45:00,13444,-34.262,29.073,49.34
2019-01-07 18:00:00,13445,-34.345,29.779,50.10
2019-01-07 18:15:00,13446,-34.427,30.512,50.89
2019-01-07 18:30:00,13447,-34.427,31.25,51.63
2019-01-07 18:45:00,13448,-34.18,32.125,52.34
2019-01-07 19:00:00,13449,-33.855,33.175,53.18
2019-01-07 19:15:00,13450,-33.218,34.37,53.96
2019-01-07 19:30:00,13451,-32.521,35.513,54.65
2019-01-07 19:45:00,13452,-31.92,36.478,55.23
2019-01-07 20:00:00,13453,-31.405,37.292,55.71
2019-01-07 20:15:00,13454,-30.902,37.994,56.08
2019-01-07 20:30:00,13455,-30.201,38.636,56.27
2019-01-07 20:45:00,13456,-29.52,39.08,56.27
2019-01-07 21:00:00,13457,-28.727,39.484,56.16
2019-01-07 21:15:00,13458,-28.022,39.793,56.01
2019-01-07 21:30:00,13459,-27.337,40.101,55.87
2019-01-07 21:45:00,13460,-26.849,40.161,55.61
2019-01-07 22:00:00,13461,-26.312,40.087,55.19
2019-01-07 22:15:00,13462,-25.728,40.045,54.77
2019-01-07 22:30:00,13463,-25.101,39.896,54.21
2019-01-07 22:45:00,13464,-24.765,39.569,53.67
2019-01-07 23:00:00,13465,-24.269,38.976,52.75
2019-01-07 23:15:00,13466,-23.674,38.562,51.95
2019-01-07 23:30:00,13467,-22.885,38.196,51.07
2019-01-07 23:45:00,13468,-22.269,37.751,50.23
2019-01-08 00:00:00,13469,-21.866,37.134,49.35
2019-01-08 00:15:00,13470,-21.617,36.555,48.61
2019-01-08 00:30:00,13471,-21.419,36.258,48.18
2019-01-08 00:45:00,13472,-21.125,36.116,47.85
2019-01-08 01:00:00,13473,-20.642,36.111,47.53
2019-01-08 01:15:00,13474,-20.12,36.081,47.16
2019-01-08 01:30:00,13475,-19.423,35.982,46.61
2019-01-08 01:45:00,13476,-18.697,35.68,45.83
2019-01-08 02:00:00,13477,-18.164,35.179,44.99
2019-01-08 02:15:00,13478,-17.553,34.654,44.06
2019-01-08 02:30:00,13479,-17.125,34.166,43.30
2019-01-08 02:45:00,13480,-16.702,33.557,42.41
2019-01-08 03:00:00,13481,-16.618,32.97,41.77
2019-01-08 03:15:00,13482,-16.243,32.47,41.03
2019-01-08 03:30:00,13483,-15.873,32.028,40.35
2019-01-08 03:45:00,13484,-15.669,31.598,39.78
2019-01-08 04:00:00,13485,-15.547,31.279,39.38
2019-01-08 04:15:00,13486,-15.305,31.001,38.95
2019-01-08 04:30:00,13487,-14.984,30.759,38.50
2019-01-08 04:45:00,13488,-14.51,30.471,37.90
2019-01-08 05:00:00,13489,-14.275,30.069,37.35
2019-01-08 05:15:00,13490,-13.657,29.609,36.49
2019-01-08 05:30:00,13491,-13.888,29.223,36.25
2019-01-08 05:45:00,13492,-14.197,28.8,36.03
2019-01-08 06:00:00,13493,-14.589,28.583,36.07
2019-01-08 06:15:00,13494,-14.392,28.417,35.77
2019-01-08 06:30:00,13495,-14.471,28.411,35.82
2019-01-08 06:45:00,13496,-14.549,28.404,35.86
2019-01-08 07:00:00,13497,-14.905,28.281,35.97
2019-01-08 07:15:00,13498,-15.305,28.277,36.23
2019-01-08 07:30:00,13499,-15.184,28.288,36.16
2019-01-08 07:45:00,13500,-15.587,28.374,36.51
2019-01-08 08:00:00,13501,-15.669,28.367,36.55
2019-01-08 08:15:00,13502,-15.954,28.524,36.89
2019-01-08 08:30:00,13503,-15.547,28.529,36.63
2019-01-08 08:45:00,13504,-15.709,28.424,36.63
2019-01-08 09:00:00,13505,-15.628,28.158,36.32
2019-01-08 09:15:00,13506,-15.669,27.82,36.00
2019-01-08 09:30:00,13507,-15.791,27.383,35.65
2019-01-08 09:45:00,13508,-15.954,27.004,35.37
2019-01-08 10:00:00,13509,-16.912,26.437,35.43
2019-01-08 10:15:00,13510,-16.618,26.034,34.84
2019-01-08 10:30:00,13511,-16.243,25.82,34.38
2019-01-08 10:45:00,13512,-16.576,25.304,34.08
2019-01-08 11:00:00,13513,-16.997,24.903,33.95
2019-01-08 11:15:00,13514,-18.12,24.51,34.29
2019-01-08 11:30:00,13515,-19.058,24.193,34.58
2019-01-08 11:45:00,13516,-19.607,24.029,34.77
2019-01-08 12:00:00,13517,-19.979,24.061,35.05
2019-01-08 12:15:00,13518,-21.028,23.859,35.53
2019-01-08 12:30:00,13519,-22.218,23.586,36.03
2019-01-08 12:45:00,13520,-23.462,23.492,36.74
2019-01-08 13:00:00,13521,-24.876,23.474,37.64
2019-01-08 13:15:00,13522,-26.136,23.648,38.64
2019-01-08 13:30:00,13523,-27.031,23.937,39.51
2019-01-08 13:45:00,13524,-27.522,24.375,40.26
2019-01-08 14:00:00,13525,-28.086,24.864,41.12
2019-01-08 14:15:00,13526,-28.469,25.247,41.75
2019-01-08 14:30:00,13527,-28.989,25.736,42.58
2019-01-08 14:45:00,13528,-29.386,26.349,43.45
2019-01-08 15:00:00,13529,-29.858,26.836,44.24
2019-01-08 15:15:00,13530,-30.201,27.274,44.90
2019-01-08 15:30:00,13531,-30.619,27.703,45.61
2019-01-08 15:45:00,13532,-31.188,28.059,46.33
2019-01-08 16:00:00,13533,-31.624,28.367,46.92
2019-01-08 16:15:00,13534,-32.445,28.552,47.64
2019-01-08 16:30:00,13535,-33.454,28.66,48.41
2019-01-08 16:45:00,13536,-34.262,28.786,49.06
2019-01-08 17:00:00,13537,-34.93,29.153,49.86
2019-01-08 17:15:00,13538,-35.444,29.617,50.66
2019-01-08 17:30:00,13539,-35.531,30.205,51.30
2019-01-08 17:45:00,13540,-35.531,30.857,51.95
2019-01-08 18:00:00,13541,-35.618,31.611,52.76
2019-01-08 18:15:00,13542,-35.618,32.372,53.52
2019-01-08 18:30:00,13543,-35.618,33.214,54.37
2019-01-08 18:45:00,13544,-35.531,34.091,55.19
2019-01-08 19:00:00,13545,-35.271,35.04,55.97
2019-01-08 19:15:00,13546,-35.015,35.959,56.72
2019-01-08 19:30:00,13547,-34.761,36.875,57.47
2019-01-08 19:45:00,13548,-34.427,37.799,58.18
2019-01-08 20:00:00,13549,-34.18,38.711,58.93
2019-01-08 20:15:00,13550,-33.855,39.631,59.64
2019-01-08 20:30:00,13551,-33.296,40.523,60.17
2019-01-08 20:45:00,13552,-32.521,41.443,60.58
2019-01-08 21:00:00,13553,-31.772,42.471,61.12
2019-01-08 21:15:00,13554,-30.902,43.569,61.66
2019-01-08 21:30:00,13555,-30.063,44.718,62.26
2019-01-08 21:45:00,13556,-29.32,45.719,62.78
2019-01-08 22:00:00,13557,-28.533,46.59,63.14
2019-01-08 22:15:00,13558,-27.959,47.079,63.25
2019-01-08 22:30:00,13559,-27.337,47.277,63.05
2019-01-08 22:45:00,13560,-26.91,47.148,62.64
2019-01-08 23:00:00,13561,-26.609,46.727,62.02
2019-01-08 23:15:00,13562,-26.253,46.23,61.29
2019-01-08 23:30:00,13563,-25.902,45.757,60.59
2019-01-08 23:45:00,13564,-25.441,45.407,59.94
2019-01-09 00:00:00,13565,-24.988,45.055,59.30
2019-01-09 00:15:00,13566,-24.488,44.707,58.62
2019-01-09 00:30:00,13567,-23.997,44.245,57.84
2019-01-09 00:45:00,13568,-23.462,43.897,57.15
2019-01-09 01:00:00,13569,-22.937,43.546,56.46
2019-01-09 01:15:00,13570,-22.473,43.073,55.68
2019-01-09 01:30:00,13571,-22.117,42.612,54.99
2019-01-09 01:45:00,13572,-21.766,42.091,54.24
2019-01-09 02:00:00,13573,-21.37,41.488,53.38
2019-01-09 02:15:00,13574,-21.077,40.87,52.57
2019-01-09 02:30:00,13575,-20.835,40.214,51.76
2019-01-09 02:45:00,13576,-20.738,39.595,51.07
2019-01-09 03:00:00,13577,-20.595,39.038,50.42
2019-01-09 03:15:00,13578,-20.547,38.583,49.94
2019-01-09 03:30:00,13579,-20.404,38.253,49.52
2019-01-09 03:45:00,13580,-20.262,38.038,49.21
2019-01-09 04:00:00,13581,-20.309,37.831,49.03
2019-01-09 04:15:00,13582,-20.262,37.662,48.83
2019-01-09 04:30:00,13583,-20.262,37.575,48.75
2019-01-09 04:45:00,13584,-20.167,37.528,48.64
2019-01-09 05:00:00,13585,-20.12,37.476,48.55
2019-01-09 05:15:00,13586,-19.886,37.444,48.37
2019-01-09 05:30:00,13587,-19.839,37.391,48.29
2019-01-09 05:45:00,13588,-19.839,37.362,48.26
2019-01-09 06:00:00,13589,-20.026,37.283,48.30
2019-01-09 06:15:00,13590,-20.167,37.267,48.38
2019-01-09 06:30:00,13591,-20.12,37.331,48.41
2019-01-09 06:45:00,13592,-20.073,37.423,48.47
2019-01-09 07:00:00,13593,-20.262,37.402,48.57
2019-01-09 07:15:00,13594,-20.262,37.46,48.63
2019-01-09 07:30:00,13595,-20.451,37.496,48.79
2019-01-09 07:45:00,13596,-20.738,37.521,49.00
2019-01-09 08:00:00,13597,-20.931,37.557,49.16
2019-01-09 08:15:00,13598,-21.125,37.651,49.38
2019-01-09 08:30:00,13599,-21.37,37.738,49.63
2019-01-09 08:45:00,13600,-21.716,37.756,49.87
2019-01-09 09:00:00,13601,-22.117,37.854,50.23
2019-01-09 09:15:00,13602,-22.524,37.951,50.59
2019-01-09 09:30:00,13603,-22.937,38.104,51.01
2019-01-09 09:45:00,13604,-23.356,38.256,51.44
2019-01-09 10:00:00,13605,-24.543,38.374,52.33
2019-01-09 10:15:00,13606,-24.765,38.633,52.73
2019-01-09 10:30:00,13607,-25.045,39.196,53.48
2019-01-09 10:45:00,13608,-25.384,39.551,54.05
2019-01-09 11:00:00,13609,-25.728,39.876,54.60
2019-01-09 11:15:00,13610,-26.136,40.08,55.07
2019-01-09 11:30:00,13611,-26.609,40.275,55.57
2019-01-09 11:45:00,13612,-27.092,40.411,56.02
2019-01-09 12:00:00,13613,-27.584,40.63,56.56
2019-01-09 12:15:00,13614,-28.086,40.902,57.16
2019-01-09 12:30:00,13615,-28.469,41.188,57.69
2019-01-09 12:45:00,13616,-28.923,41.463,58.26
2019-01-09 13:00:00,13617,-29.253,41.808,58.82
2019-01-09 13:15:00,13618,-29.587,42.069,59.30
2019-01-09 13:30:00,13619,-29.927,42.245,59.70
2019-01-09 13:45:00,13620,-30.27,42.421,60.10
2019-01-09 14:00:00,13621,-30.619,42.567,60.47
2019-01-09 14:15:00,13622,-30.902,42.722,60.81
2019-01-09 14:30:00,13623,-31.117,42.857,61.08
2019-01-09 14:45:00,13624,-31.333,43.047,61.41
2019-01-09 15:00:00,13625,-31.624,43.172,61.73
2019-01-09 15:15:00,13626,-31.92,43.16,61.91
2019-01-09 15:30:00,13627,-32.219,43.175,62.12
2019-01-09 15:45:00,13628,-32.521,43.189,62.33
2019-01-09 16:00:00,13629,-32.828,43.256,62.59
2019-01-09 16:15:00,13630,-33.218,43.312,62.90
2019-01-09 16:30:00,13631,-33.774,43.265,63.22
2019-01-09 16:45:00,13632,-34.262,43.253,63.52
2019-01-09 17:00:00,13633,-34.593,43.397,63.88
2019-01-09 17:15:00,13634,-34.761,43.697,64.29
2019-01-09 17:30:00,13635,-34.761,44.127,64.72
2019-01-09 17:45:00,13636,-34.761,44.61,65.20
2019-01-09 18:00:00,13637,-34.761,45.091,65.69
2019-01-09 18:15:00,13638,-34.761,45.625,66.22
2019-01-09 18:30:00,13639,-34.677,46.09,66.63
2019-01-09 18:45:00,13640,-34.51,46.513,66.94
2019-01-09 19:00:00,13641,-34.345,46.962,67.29
2019-01-09 19:15:00,13642,-34.18,47.437,67.65
2019-01-09 19:30:00,13643,-34.017,47.964,68.08
2019-01-09 19:45:00,13644,-33.936,48.425,68.48
2019-01-09 20:00:00,13645,-33.855,48.833,68.84
2019-01-09 20:15:00,13646,-33.774,49.162,69.12
2019-01-09 20:30:00,13647,-33.375,49.486,69.18
2019-01-09 20:45:00,13648,-32.828,49.912,69.25
2019-01-09 21:00:00,13649,-32.219,50.454,69.40
2019-01-09 21:15:00,13650,-31.624,50.915,69.47
2019-01-09 21:30:00,13651,-31.045,51.348,69.53
2019-01-09 21:45:00,13652,-30.619,51.626,69.53
2019-01-09 22:00:00,13653,-30.132,51.809,69.39
2019-01-09 22:15:00,13654,-29.587,51.868,69.10
2019-01-09 22:30:00,13655,-29.055,51.741,68.63
2019-01-09 22:45:00,13656,-28.533,51.505,68.05
2019-01-09 23:00:00,13657,-28.086,51.096,67.35
2019-01-09 23:15:00,13658,-27.584,50.478,66.41
2019-01-09 23:30:00,13659,-27.092,49.748,65.36
2019-01-09 23:45:00,13660,-26.729,48.992,64.37
2019-01-10 00:00:00,13661,-26.253,48.358,63.42
2019-01-10 00:15:00,13662,-25.671,47.68,62.37
2019-01-10 00:30:00,13663,-25.101,46.968,61.28
2019-01-10 00:45:00,13664,-24.598,46.075,60.06
2019-01-10 01:00:00,13665,-24.16,45.14,58.84
2019-01-10 01:15:00,13666,-23.835,44.266,57.76
2019-01-10 01:30:00,13667,-23.728,43.359,56.78
2019-01-10 01:45:00,13668,-23.674,42.553,55.94
2019-01-10 02:00:00,13669,-23.728,41.956,55.38
2019-01-10 02:15:00,13670,-23.728,41.561,54.98
2019-01-10 02:30:00,13671,-23.674,41.342,54.73
2019-01-10 02:45:00,13672,-23.568,41.214,54.53
2019-01-10 03:00:00,13673,-23.356,41.043,54.22
2019-01-10 03:15:00,13674,-23.198,40.78,53.86
2019-01-10 03:30:00,13675,-23.041,40.572,53.55
2019-01-10 03:45:00,13676,-22.833,40.257,53.10
2019-01-10 04:00:00,13677,-22.626,39.94,52.65
2019-01-10 04:15:00,13678,-22.524,39.668,52.31
2019-01-10 04:30:00,13679,-22.32,39.407,51.92
2019-01-10 04:45:00,13680,-22.218,39.19,51.63
2019-01-10 05:00:00,13681,-22.168,38.939,51.35
2019-01-10 05:15:00,13682,-22.117,38.744,51.12
2019-01-10 05:30:00,13683,-22.016,38.555,50.87
2019-01-10 05:45:00,13684,-21.966,38.418,50.70
2019-01-10 06:00:00,13685,-21.866,38.2,50.41
2019-01-10 06:15:00,13686,-21.816,38.033,50.21
2019-01-10 06:30:00,13687,-21.816,37.918,50.10
2019-01-10 06:45:00,13688,-21.916,37.849,50.09
2019-01-10 07:00:00,13689,-22.422,37.791,50.37
2019-01-10 07:15:00,13690,-22.524,37.779,50.42
2019-01-10 07:30:00,13691,-22.422,38.049,50.62
2019-01-10 07:45:00,13692,-22.218,38.216,50.66
2019-01-10 08:00:00,13693,-22.218,38.274,50.72
2019-01-10 08:15:00,13694,-22.168,38.222,50.63
2019-01-10 08:30:00,13695,-22.218,38.159,50.60
2019-01-10 08:45:00,13696,-22.371,37.998,50.54
2019-01-10 09:00:00,13697,-22.524,37.865,50.51
2019-01-10 09:15:00,13698,-21.716,37.411,49.53
2019-01-10 09:30:00,13699,-23.462,37.901,51.15
2019-01-10 09:45:00,13700,-24.214,37.928,51.67
2019-01-10 10:00:00,13701,-24.821,37.972,52.11
2019-01-10 10:15:00,13702,-25.327,37.999,52.46
2019-01-10 10:30:00,13703,-25.671,38.101,52.79
2019-01-10 10:45:00,13704,-26.194,38.181,53.21
2019-01-10 11:00:00,13705,-25.214,38.211,52.60
2019-01-10 11:15:00,13706,-24.488,39.574,53.49
2019-01-10 11:30:00,13707,-24.765,39.739,53.84
2019-01-10 11:45:00,13708,-25.214,39.232,53.62
2019-01-10 12:00:00,13709,-25.671,38.611,53.30
2019-01-10 12:15:00,13710,-26.136,38.103,53.09
2019-01-10 12:30:00,13711,-26.609,37.708,53.00
2019-01-10 12:45:00,13712,-27.031,37.376,52.95
2019-01-10 13:00:00,13713,-27.337,37.142,52.91
2019-01-10 13:15:00,13714,-27.46,37.015,52.86
2019-01-10 13:30:00,13715,-27.708,36.873,52.88
2019-01-10 13:45:00,13716,-27.833,36.717,52.81
2019-01-10 14:00:00,13717,-28.086,36.575,52.83
2019-01-10 14:15:00,13718,-28.598,36.206,52.79
2019-01-10 14:30:00,13719,-29.055,35.9,52.79
2019-01-10 14:45:00,13720,-29.655,35.635,52.91
2019-01-10 15:00:00,13721,-30.063,35.505,53.05
2019-01-10 15:15:00,13722,-30.409,35.41,53.18
2019-01-10 15:30:00,13723,-30.549,35.394,53.25
2019-01-10 15:45:00,13724,-30.69,35.548,53.50
2019-01-10 16:00:00,13725,-30.902,35.581,53.67
2019-01-10 16:15:00,13726,-30.902,35.637,53.72
2019-01-10 16:30:00,13727,-30.831,35.814,53.85
2019-01-10 16:45:00,13728,-30.619,35.979,53.88
2019-01-10 17:00:00,13729,-30.619,36.176,54.08
2019-01-10 17:15:00,13730,-30.549,36.297,54.15
2019-01-10 17:30:00,13731,-30.76,36.245,54.24
2019-01-10 17:45:00,13732,-30.902,36.088,54.17
2019-01-10 18:00:00,13733,-30.973,36.024,54.16
2019-01-10 18:15:00,13734,-31.551,35.846,54.35
2019-01-10 18:30:00,13735,-32.369,35.474,54.51
2019-01-10 18:45:00,13736,-33.061,35.313,54.80
2019-01-10 19:00:00,13737,-33.694,35.383,55.28
2019-01-10 19:15:00,13738,-33.936,35.719,55.78
2019-01-10 19:30:00,13739,-34.098,36.23,56.39
2019-01-10 19:45:00,13740,-34.017,36.934,57.05
2019-01-10 20:00:00,13741,-33.936,37.691,57.75
2019-01-10 20:15:00,13742,-33.774,38.457,58.41
2019-01-10 20:30:00,13743,-33.694,39.211,59.11
2019-01-10 20:45:00,13744,-33.534,39.917,59.71
2019-01-10 21:00:00,13745,-33.296,40.688,60.33
2019-01-10 21:15:00,13746,-32.983,41.548,60.99
2019-01-10 21:30:00,13747,-32.674,42.407,61.65
2019-01-10 21:45:00,13748,-32.369,43.263,62.30
2019-01-10 22:00:00,13749,-31.772,44.023,62.67
2019-01-10 22:15:00,13750,-31.045,44.882,63.06
2019-01-10 22:30:00,13751,-30.479,45.8,63.61
2019-01-10 22:45:00,13752,-29.995,46.598,64.09
2019-01-10 23:00:00,13753,-29.52,47.341,64.53
2019-01-10 23:15:00,13754,-29.121,47.938,64.87
2019-01-10 23:30:00,13755,-28.792,48.471,65.19
2019-01-10 23:45:00,13756,-28.469,48.869,65.37
2019-01-11 00:00:00,13757,-28.149,49.239,65.54
2019-01-11 00:15:00,13758,-27.153,49.658,65.31
2019-01-11 00:30:00,13759,-24.765,50.694,64.79
2019-01-11 00:45:00,13760,-22.168,52.692,65.10
2019-01-11 01:00:00,13761,-19.793,54.613,65.48
2019-01-11 01:15:00,13762,-18.877,55.438,65.71
2019-01-11 01:30:00,13763,-19.746,52.445,63.28
2019-01-11 01:45:00,13764,-20.356,48.944,60.18
2019-01-11 02:00:00,13765,-20.69,46.814,58.26
2019-01-11 02:15:00,13766,-20.262,45.558,56.73
2019-01-11 02:30:00,13767,-19.515,44.927,55.61
2019-01-11 02:45:00,13768,-17.683,45.484,54.98
2019-01-11 03:00:00,13769,-16.492,45.928,54.65
2019-01-11 03:15:00,13770,-15.791,46.051,54.32
2019-01-11 03:30:00,13771,-15.104,45.288,53.11
2019-01-11 03:45:00,13772,-14.314,44.072,51.38
2019-01-11 04:00:00,13773,-13.505,42.207,48.99
2019-01-11 04:15:00,13774,-12.454,39.877,45.97
2019-01-11 04:30:00,13775,-11.147,37.598,42.84
2019-01-11 04:45:00,13776,-10.406,35.612,40.38
2019-01-11 05:00:00,13777,-9.782,33.652,38.01
2019-01-11 05:15:00,13778,-8.697,31.408,35.06
2019-01-11 05:30:00,13779,-7.935,29.383,32.54
2019-01-11 05:45:00,13780,-7.968,27.704,30.88
2019-01-11 06:00:00,13781,-7.869,26.058,29.17
2019-01-11 06:15:00,13782,-6.866,24.881,27.34
2019-01-11 06:30:00,13783,-5.388,23.758,25.26
2019-01-11 06:45:00,13784,-4.378,22.844,23.69
2019-01-11 07:00:00,13785,-3.449,21.948,22.19
2019-01-11 07:15:00,13786,-2.392,20.795,20.35
2019-01-11 07:30:00,13787,-1.384,19.823,18.72
2019-01-11 07:45:00,13788,-0.676,19.216,17.66
2019-01-11 08:00:00,13789,-0.507,18.476,16.81
2019-01-11 08:15:00,13790,0.19,17.829,15.71
2019-01-11 08:30:00,13791,1.235,17.296,14.49
2019-01-11 08:45:00,13792,1.643,16.725,13.66
2019-01-11 09:00:00,13793,1.344,16.047,13.17
2019-01-11 09:15:00,13794,0.495,15.507,13.19
2019-01-11 09:30:00,13795,0.051,14.988,12.95
2019-01-11 09:45:00,13796,-0.227,14.643,12.79
2019-01-11 10:00:00,13797,-0.789,14.284,12.80
2019-01-11 10:15:00,13798,-1.986,14.027,13.32
2019-01-11 10:30:00,13799,-3.627,13.849,14.21
2019-01-11 10:45:00,13800,-5.574,13.591,15.21
2019-01-11 11:00:00,13801,-5.202,13.543,14.92
2019-01-11 11:15:00,13802,-5.449,13.564,15.11
2019-01-11 11:30:00,13803,-6.357,13.553,15.69
2019-01-11 11:45:00,13804,-7.543,13.529,16.43
2019-01-11 12:00:00,13805,-8.53,13.449,16.99
2019-01-11 12:15:00,13806,-9.066,13.423,17.32
2019-01-11 12:30:00,13807,-9.989,13.443,17.94
2019-01-11 12:45:00,13808,-10.934,13.43,18.54
2019-01-11 13:00:00,13809,-12.013,13.41,19.22
2019-01-11 13:15:00,13810,-12.825,13.435,19.77
2019-01-11 13:30:00,13811,-13.239,13.479,20.08
2019-01-11 13:45:00,13812,-13.734,13.519,20.45
2019-01-11 14:00:00,13813,-14.667,13.601,21.13
2019-01-11 14:15:00,13814,-15.628,13.682,21.84
2019-01-11 14:30:00,13815,-17.553,13.713,23.12
2019-01-11 14:45:00,13816,-19.423,13.683,24.31
2019-01-11 15:00:00,13817,-19.331,13.877,24.44
2019-01-11 15:15:00,13818,-19.149,14.328,24.77
2019-01-11 15:30:00,13819,-19.469,14.72,25.37
2019-01-11 15:45:00,13820,-19.933,14.916,25.87
2019-01-11 16:00:00,13821,-20.883,15.053,26.63
2019-01-11 16:15:00,13822,-21.617,15.138,27.19
2019-01-11 16:30:00,13823,-22.269,15.165,27.64
2019-01-11 16:45:00,13824,-22.626,15.395,28.10
2019-01-11 17:00:00,13825,-22.32,15.661,28.17
2019-01-11 17:15:00,13826,-22.016,16.113,28.42
2019-01-11 17:30:00,13827,-22.32,16.406,28.91
2019-01-11 17:45:00,13828,-22.168,16.477,28.89
2019-01-11 18:00:00,13829,-21.028,16.729,28.40
2019-01-11 18:15:00,13830,-20.167,17.215,28.32
2019-01-11 18:30:00,13831,-19.24,17.582,28.09
2019-01-11 18:45:00,13832,-18.518,17.875,27.91
2019-01-11 19:00:00,13833,-18.032,18.092,27.81
2019-01-11 19:15:00,13834,-17.64,18.053,27.52
2019-01-11 19:30:00,13835,-17.901,17.725,27.36
2019-01-11 19:45:00,13836,-19.103,16.966,27.38
2019-01-11 20:00:00,13837,-21.028,16.169,27.84
2019-01-11 20:15:00,13838,-23.093,15.618,28.63
2019-01-11 20:30:00,13839,-24.598,15.287,29.28
2019-01-11 20:45:00,13840,-25.556,15.049,29.66
2019-01-11 21:00:00,13841,-26.253,14.95,30.01
2019-01-11 21:15:00,13842,-27.092,14.966,30.58
2019-01-11 21:30:00,13843,-27.584,15.553,31.48
2019-01-11 21:45:00,13844,-27.646,16.529,32.50
2019-01-11 22:00:00,13845,-27.46,17.699,33.55
2019-01-11 22:15:00,13846,-27.153,18.934,34.58
2019-01-11 22:30:00,13847,-26.789,20.17,35.58
2019-01-11 22:45:00,13848,-26.431,21.313,36.49
2019-01-11 23:00:00,13849,-25.441,22.499,37.04
2019-01-11 23:15:00,13850,-24.269,23.822,37.60
2019-01-11 23:30:00,13851,-23.303,24.89,38.04
2019-01-11 23:45:00,13852,-22.678,25.871,38.61
2019-01-12 00:00:00,13853,-22.473,26.458,39.07
2019-01-12 00:15:00,13854,-22.371,26.586,39.13
2019-01-12 00:30:00,13855,-21.966,26.86,39.14
2019-01-12 00:45:00,13856,-21.766,27.177,39.32
2019-01-12 01:00:00,13857,-21.37,27.63,39.52
2019-01-12 01:15:00,13858,-20.931,28.087,39.69
2019-01-12 01:30:00,13859,-20.309,28.382,39.58
2019-01-12 01:45:00,13860,-19.7,28.495,39.30
2019-01-12 02:00:00,13861,-19.377,28.584,39.18
2019-01-12 02:15:00,13862,-19.058,28.642,39.03
2019-01-12 02:30:00,13863,-18.518,28.781,38.82
2019-01-12 02:45:00,13864,-16.534,29.41,38.16
2019-01-12 03:00:00,13865,-15.305,30.066,38.01
2019-01-12 03:15:00,13866,-16.078,29.24,37.69
2019-01-12 03:30:00,13867,-16.87,28.05,37.02
2019-01-12 03:45:00,13868,-17.51,27.722,37.10
2019-01-12 04:00:00,13869,-17.857,27.904,37.51
2019-01-12 04:15:00,13870,-18.429,28.247,38.23
2019-01-12 04:30:00,13871,-18.697,28.765,38.92
2019-01-12 04:45:00,13872,-18.742,29.331,39.51
2019-01-12 05:00:00,13873,-18.877,29.918,40.19
2019-01-12 05:15:00,13874,-18.697,30.263,40.42
2019-01-12 05:30:00,13875,-18.742,30.617,40.80
2019-01-12 05:45:00,13876,-18.787,30.912,41.12
2019-01-12 06:00:00,13877,-18.697,31.278,41.43
2019-01-12 06:15:00,13878,-18.252,31.44,41.30
2019-01-12 06:30:00,13879,-18.252,31.44,41.30
2019-01-12 06:45:00,13880,-17.988,31.346,41.04
2019-01-12 07:00:00,13881,-17.901,31.234,40.87
2019-01-12 07:15:00,13882,-17.553,30.969,40.38
2019-01-12 07:30:00,13883,-17.727,30.623,40.15
2019-01-12 07:45:00,13884,-17.988,30.269,39.96
2019-01-12 08:00:00,13885,-18.164,29.953,39.76
2019-01-12 08:15:00,13886,-18.607,29.613,39.71
2019-01-12 08:30:00,13887,-15.224,29.528,37.42
2019-01-12 08:45:00,13888,-18.208,29.649,39.48
2019-01-12 09:00:00,13889,-19.839,29.082,39.98
2019-01-12 09:15:00,13890,-20.931,28.984,40.59
2019-01-12 09:30:00,13891,-21.716,29.151,41.27
2019-01-12 09:45:00,13892,-22.422,29.502,42.08
2019-01-12 10:00:00,13893,-23.093,29.825,42.84
2019-01-12 10:15:00,13894,-23.674,30.183,43.57
2019-01-12 10:30:00,13895,-24.269,30.539,44.31
2019-01-12 10:45:00,13896,-24.988,30.822,45.06
2019-01-12 11:00:00,13897,-25.556,31.147,45.76
2019-01-12 11:15:00,13898,-26.077,31.533,46.48
2019-01-12 11:30:00,13899,-26.49,31.927,47.15
2019-01-12 11:45:00,13900,-27.153,32.18,47.83
2019-01-12 12:00:00,13901,-27.584,32.512,48.44
2019-01-12 12:15:00,13902,-28.086,32.921,49.18
2019-01-12 12:30:00,13903,-28.727,33.199,49.87
2019-01-12 12:45:00,13904,-29.386,33.474,50.57
2019-01-12 13:00:00,13905,-29.79,33.888,51.25
2019-01-12 13:15:00,13906,-30.063,34.371,51.91
2019-01-12 13:30:00,13907,-30.27,34.972,52.65
2019-01-12 13:45:00,13908,-30.76,35.851,53.85
2019-01-12 14:00:00,13909,-31.188,36.617,54.89
2019-01-12 14:15:00,13910,-31.551,37.359,55.87
2019-01-12 14:30:00,13911,-32.069,37.912,56.76
2019-01-12 14:45:00,13912,-32.674,38.34,57.58
2019-01-12 15:00:00,13913,-33.218,38.551,58.14
2019-01-12 15:15:00,13914,-33.774,38.925,58.88
2019-01-12 15:30:00,13915,-34.098,39.436,59.60
2019-01-12 15:45:00,13916,-34.51,39.96,60.39
2019-01-12 16:00:00,13917,-34.677,40.54,61.08
2019-01-12 16:15:00,13918,-34.593,41.231,61.72
2019-01-12 16:30:00,13919,-34.427,41.878,62.26
2019-01-12 16:45:00,13920,-34.345,42.647,62.97
2019-01-12 17:00:00,13921,-34.18,43.372,63.59
2019-01-12 17:15:00,13922,-34.017,44.014,64.13
2019-01-12 17:30:00,13923,-34.017,44.606,64.72
2019-01-12 17:45:00,13924,-33.936,45.18,65.24
2019-01-12 18:00:00,13925,-33.774,45.712,65.67
2019-01-12 18:15:00,13926,-33.454,46.212,65.96
2019-01-12 18:30:00,13927,-33.375,46.703,66.40
2019-01-12 18:45:00,13928,-33.296,47.141,66.78
2019-01-12 19:00:00,13929,-32.983,47.586,67.02
2019-01-12 19:15:00,13930,-32.674,48.084,67.32
2019-01-12 19:30:00,13931,-32.445,48.569,67.66
2019-01-12 19:45:00,13932,-31.772,48.989,67.64
2019-01-12 20:00:00,13933,-30.973,49.455,67.59
2019-01-12 20:15:00,13934,-30.201,50.051,67.68
2019-01-12 20:30:00,13935,-29.79,50.619,67.98
2019-01-12 20:45:00,13936,-29.32,50.957,68.02
2019-01-12 21:00:00,13937,-28.727,51.182,67.85
2019-01-12 21:15:00,13938,-28.404,51.365,67.83
2019-01-12 21:30:00,13939,-28.213,51.316,67.65
2019-01-12 21:45:00,13940,-27.959,51.169,67.34
2019-01-12 22:00:00,13941,-27.275,50.981,66.71
2019-01-12 22:15:00,13942,-26.609,51.057,66.35
2019-01-12 22:30:00,13943,-25.96,50.969,65.84
2019-01-12 22:45:00,13944,-25.327,50.662,65.12
2019-01-12 23:00:00,13945,-24.051,50.206,63.84
2019-01-12 23:15:00,13946,-23.356,51.045,64.23
2019-01-12 23:30:00,13947,-22.678,52.233,64.97
2019-01-12 23:45:00,13948,-21.916,53.731,65.98
2019-01-13 00:00:00,13949,-20.98,55.121,66.76
2019-01-13 00:15:00,13950,-20.026,56.219,67.24
2019-01-13 00:30:00,13951,-19.331,57.247,67.81
2019-01-13 00:45:00,13952,-18.607,58.067,68.16
2019-01-13 01:00:00,13953,-17.857,58.705,68.31
2019-01-13 01:15:00,13954,-16.955,58.995,68.02
2019-01-13 01:30:00,13955,-16.202,58.965,67.50
2019-01-13 01:45:00,13956,-15.587,58.639,66.77
2019-01-13 02:00:00,13957,-14.786,57.827,65.44
2019-01-13 02:15:00,13958,-14.081,56.69,63.84
2019-01-13 02:30:00,13959,-13.543,55.404,62.21
2019-01-13 02:45:00,13960,-13.05,53.959,60.44
2019-01-13 03:00:00,13961,-13.013,52.235,58.69
2019-01-13 03:15:00,13962,-12.306,50.399,56.40
2019-01-13 03:30:00,13963,-11.541,48.69,54.19
2019-01-13 03:45:00,13964,-11.218,46.123,51.41
2019-01-13 04:00:00,13965,-11.076,42.918,48.12
2019-01-13 04:15:00,13966,-10.792,40.367,45.38
2019-01-13 04:30:00,13967,-10.023,38.17,42.68
2019-01-13 04:45:00,13968,-9.919,36.235,40.68
2019-01-13 05:00:00,13969,-9.747,34.504,38.84
2019-01-13 05:15:00,13970,-9.168,32.922,36.88
2019-01-13 05:30:00,13971,-8.73,31.16,34.83
2019-01-13 05:45:00,13972,-8.231,30.067,33.42
2019-01-13 06:00:00,13973,-8.033,28.971,32.19
2019-01-13 06:15:00,13974,-7.413,27.906,30.72
2019-01-13 06:30:00,13975,-6.77,26.804,29.20
2019-01-13 06:45:00,13976,-6.294,25.869,27.96
2019-01-13 07:00:00,13977,-5.729,24.841,26.56
2019-01-13 07:15:00,13978,-4.926,23.855,25.06
2019-01-13 07:30:00,13979,-4.348,22.878,23.70
2019-01-13 07:45:00,13980,-3.627,21.743,22.10
2019-01-13 08:00:00,13981,-2.947,21.146,21.06
2019-01-13 08:15:00,13982,-2.508,20.465,20.10
2019-01-13 08:30:00,13983,-2.392,19.663,19.22
2019-01-13 08:45:00,13984,-2.189,18.929,18.35
2019-01-13 09:00:00,13985,-2.218,18.211,17.65
2019-01-13 09:15:00,13986,-2.859,17.653,17.51
2019-01-13 09:30:00,13987,-3.627,17.316,17.67
2019-01-13 09:45:00,13988,-3.687,16.824,17.22
2019-01-13 10:00:00,13989,-3.747,16.495,16.93
2019-01-13 10:15:00,13990,-4.287,16.139,16.93
2019-01-13 10:30:00,13991,-5.141,15.768,17.11
2019-01-13 10:45:00,13992,-6.073,15.523,17.47
2019-01-13 11:00:00,13993,-6.77,15.356,17.76
2019-01-13 11:15:00,13994,-7.608,15.183,18.13
2019-01-13 11:30:00,13995,-8.066,15.094,18.34
2019-01-13 11:45:00,13996,-8.497,15.071,18.59
2019-01-13 12:00:00,13997,-9.066,15.106,19.00
2019-01-13 12:15:00,13998,-10.371,15.006,19.75
2019-01-13 12:30:00,13999,-12.049,15.079,20.91
2019-01-13 12:45:00,14000,-12.714,15.108,21.37
2019-01-13 13:00:00,14001,-13.965,15.106,22.18
2019-01-13 13:15:00,14002,-14.12,15.225,22.40
2019-01-13 13:30:00,14003,-15.064,15.365,23.16
2019-01-13 13:45:00,14004,-16.16,15.465,23.97
2019-01-13 14:00:00,14005,-18.076,15.518,25.27
2019-01-13 14:15:00,14006,-19.793,15.299,26.16
2019-01-13 14:30:00,14007,-20.451,15.264,26.56
2019-01-13 14:45:00,14008,-20.404,15.642,26.90
2019-01-13 15:00:00,14009,-20.214,16.152,27.29
2019-01-13 15:15:00,14010,-20.073,16.722,27.77
2019-01-13 15:30:00,14011,-20.167,17.215,28.32
2019-01-13 15:45:00,14012,-20.262,17.645,28.82
2019-01-13 16:00:00,14013,-20.451,17.758,29.05
2019-01-13 16:15:00,14014,-20.738,17.802,29.28
2019-01-13 16:30:00,14015,-21.125,17.779,29.51
2019-01-13 16:45:00,14016,-21.125,17.965,29.70
2019-01-13 17:00:00,14017,-21.077,18.154,29.85
2019-01-13 17:15:00,14018,-20.931,18.348,29.95
2019-01-13 17:30:00,14019,-20.738,18.484,29.96
2019-01-13 17:45:00,14020,-20.69,18.487,29.94
2019-01-13 18:00:00,14021,-20.642,18.428,29.85
2019-01-13 18:15:00,14022,-20.451,18.502,29.80
2019-01-13 18:30:00,14023,-20.262,18.545,29.72
2019-01-13 18:45:00,14024,-20.356,18.446,29.68
2019-01-13 19:00:00,14025,-20.451,18.254,29.55
2019-01-13 19:15:00,14026,-20.69,18.022,29.47
2019-01-13 19:30:00,14027,-21.419,17.575,29.50
2019-01-13 19:45:00,14028,-22.269,17.215,29.69
2019-01-13 20:00:00,14029,-23.145,16.946,29.99
2019-01-13 20:15:00,14030,-23.462,16.804,30.05
2019-01-13 20:30:00,14031,-23.728,16.758,30.18
2019-01-13 20:45:00,14032,-23.781,16.847,30.30
2019-01-13 21:00:00,14033,-23.835,17.183,30.68
2019-01-13 21:15:00,14034,-24.323,17.523,31.33
2019-01-13 21:30:00,14035,-24.433,18.008,31.89
2019-01-13 21:45:00,14036,-24.378,18.563,32.41
2019-01-13 22:00:00,14037,-23.943,19.173,32.74
2019-01-13 22:15:00,14038,-23.462,19.846,33.10
2019-01-13 22:30:00,14039,-23.041,20.486,33.46
2019-01-13 22:45:00,14040,-22.626,21.186,33.89
2019-01-13 23:00:00,14041,-22.117,22.045,34.42
2019-01-13 23:15:00,14042,-21.272,22.99,34.82
2019-01-13 23:30:00,14043,-20.356,23.911,35.14
2019-01-13 23:45:00,14044,-19.7,25.025,35.83
2019-01-14 00:00:00,14045,-18.877,25.972,36.24
2019-01-14 00:15:00,14046,-18.032,26.8,36.52
2019-01-14 00:30:00,14047,-17.04,27.399,36.48
2019-01-14 00:45:00,14048,-16.202,27.683,36.21
2019-01-14 01:00:00,14049,-15.506,27.712,35.79
2019-01-14 01:15:00,14050,-14.984,27.452,35.19
2019-01-14 01:30:00,14051,-14.628,26.931,34.44
2019-01-14 01:45:00,14052,-14.314,26.283,33.59
2019-01-14 02:00:00,14053,-14.159,25.711,32.91
2019-01-14 02:15:00,14054,-13.965,25.265,32.34
2019-01-14 02:30:00,14055,-13.811,24.937,31.91
2019-01-14 02:45:00,14056,-13.505,24.683,31.46
2019-01-14 03:00:00,14057,-13.088,24.56,31.07
2019-01-14 03:15:00,14058,-12.528,24.324,30.47
2019-01-14 03:30:00,14059,-12.233,24.035,29.99
2019-01-14 03:45:00,14060,-11.65,23.642,29.21
2019-01-14 04:00:00,14061,-10.686,23.463,28.41
2019-01-14 04:15:00,14062,-10.023,23.073,27.59
2019-01-14 04:30:00,14063,-8.999,22.643,26.49
2019-01-14 04:45:00,14064,-8.331,22.058,25.47
2019-01-14 05:00:00,14065,-7.413,21.423,24.24
2019-01-14 05:15:00,14066,-6.866,20.886,23.35
2019-01-14 05:30:00,14067,-6.325,20.122,22.23
2019-01-14 05:45:00,14068,-6.357,19.575,21.71
2019-01-14 06:00:00,14069,-6.325,19.16,21.27
2019-01-14 06:15:00,14070,-5.948,18.958,20.82
2019-01-14 06:30:00,14071,-5.449,18.763,20.30
2019-01-14 06:45:00,14072,-5.049,18.465,19.75
2019-01-14 07:00:00,14073,-4.287,18.154,18.94
2019-01-14 07:15:00,14074,-3.687,17.865,18.26
2019-01-14 07:30:00,14075,-2.918,17.617,17.51
2019-01-14 07:45:00,14076,-2.247,17.296,16.76
2019-01-14 08:00:00,14077,-1.584,17.072,16.10
2019-01-14 08:15:00,14078,-1.242,16.764,15.57
2019-01-14 08:30:00,14079,-1.356,16.364,15.25
2019-01-14 08:45:00,14080,-1.356,16.035,14.92
2019-01-14 09:00:00,14081,-1.413,15.638,14.56
2019-01-14 09:15:00,14082,-1.413,15.309,14.23
2019-01-14 09:30:00,14083,-1.641,15.034,14.10
2019-01-14 09:45:00,14084,-2.742,14.78,14.56
2019-01-14 10:00:00,14085,-3.807,14.431,14.91
2019-01-14 10:15:00,14086,-4.834,14.216,15.36
2019-01-14 10:30:00,14087,-5.698,14.075,15.78
2019-01-14 10:45:00,14088,-6.738,13.926,16.31
2019-01-14 11:00:00,14089,-7.608,13.819,16.76
2019-01-14 11:15:00,14090,-9.066,13.618,17.51
2019-01-14 11:30:00,14091,-9.816,13.614,17.99
2019-01-14 11:45:00,14092,-10.757,13.665,18.66
2019-01-14 12:00:00,14093,-11.65,13.686,19.26
2019-01-14 12:15:00,14094,-12.306,13.718,19.72
2019-01-14 12:30:00,14095,-13.505,13.787,20.57
2019-01-14 12:45:00,14096,-14.314,13.811,21.12
2019-01-14 13:00:00,14097,-15.385,13.885,21.89
2019-01-14 13:15:00,14098,-16.284,13.967,22.55
2019-01-14 13:30:00,14099,-17.125,14.084,23.22
2019-01-14 13:45:00,14100,-17.988,14.23,23.92
2019-01-14 14:00:00,14101,-18.922,14.371,24.67
2019-01-14 14:15:00,14102,-19.793,14.546,25.41
2019-01-14 14:30:00,14103,-20.356,14.705,25.94
2019-01-14 14:45:00,14104,-20.931,14.925,26.53
2019-01-14 15:00:00,14105,-21.419,15.024,26.95
2019-01-14 15:15:00,14106,-21.766,15.317,27.46
2019-01-14 15:30:00,14107,-22.016,15.615,27.93
2019-01-14 15:45:00,14108,-22.218,15.946,28.39
2019-01-14 16:00:00,14109,-22.473,16.335,28.94
2019-01-14 16:15:00,14110,-22.626,16.636,29.34
2019-01-14 16:30:00,14111,-22.833,16.872,29.71
2019-01-14 16:45:00,14112,-23.041,17.014,29.99
2019-01-14 17:00:00,14113,-23.041,17.231,30.21
2019-01-14 17:15:00,14114,-22.218,17.589,30.03
2019-01-14 17:30:00,14115,-22.168,17.963,30.37
2019-01-14 17:45:00,14116,-22.016,18.034,30.34
2019-01-14 18:00:00,14117,-21.272,18.327,30.15
2019-01-14 18:15:00,14118,-20.642,18.552,29.97
2019-01-14 18:30:00,14119,-20.547,18.558,29.91
2019-01-14 18:45:00,14120,-20.547,18.496,29.85
2019-01-14 19:00:00,14121,-20.451,18.688,29.98
2019-01-14 19:15:00,14122,-20.931,18.596,30.20
2019-01-14 19:30:00,14123,-22.117,18.275,30.65
2019-01-14 19:45:00,14124,-23.198,17.9,30.98
2019-01-14 20:00:00,14125,-23.835,17.768,31.26
2019-01-14 20:15:00,14126,-23.997,17.851,31.45
2019-01-14 20:30:00,14127,-24.16,18.148,31.85
2019-01-14 20:45:00,14128,-24.488,18.495,32.41
2019-01-14 21:00:00,14129,-24.876,18.837,33.01
2019-01-14 21:15:00,14130,-24.988,19.196,33.44
2019-01-14 21:30:00,14131,-24.876,19.631,33.80
2019-01-14 21:45:00,14132,-24.876,20.148,34.32
2019-01-14 22:00:00,14133,-24.654,20.741,34.77
2019-01-14 22:15:00,14134,-24.214,21.439,35.18
2019-01-14 22:30:00,14135,-23.515,22.308,35.59
2019-01-14 22:45:00,14136,-22.269,23.28,35.75
2019-01-14 23:00:00,14137,-20.931,24.534,36.14
2019-01-14 23:15:00,14138,-20.404,25.907,37.17
2019-01-14 23:30:00,14139,-19.423,26.834,37.46
2019-01-14 23:45:00,14140,-18.607,27.568,37.66
2019-01-15 00:00:00,14141,-17.683,27.889,37.38
2019-01-15 00:15:00,14142,-17.467,28.814,38.17
2019-01-15 00:30:00,14143,-17.04,29.334,38.41
2019-01-15 00:45:00,14144,-16.367,29.757,38.40
2019-01-15 01:00:00,14145,-15.791,30.353,38.62
2019-01-15 01:15:00,14146,-15.709,31.444,39.65
2019-01-15 01:30:00,14147,-15.628,32.231,40.39
2019-01-15 01:45:00,14148,-15.224,32.81,40.71
2019-01-15 02:00:00,14149,-15.064,33.065,40.86
2019-01-15 02:15:00,14150,-15.144,32.608,40.45
2019-01-15 02:30:00,14151,-15.184,32.515,40.38
2019-01-15 02:45:00,14152,-14.984,32.864,40.60
2019-01-15 03:00:00,14153,-14.746,33.337,40.92
2019-01-15 03:15:00,14154,-14.471,33.873,41.28
2019-01-15 03:30:00,14155,-14.667,34.121,41.65
2019-01-15 03:45:00,14156,-14.905,34.097,41.79
2019-01-15 04:00:00,14157,-14.549,33.655,41.11
2019-01-15 04:15:00,14158,-13.811,33.43,40.41
2019-01-15 04:30:00,14159,-13.505,33.131,39.91
2019-01-15 04:45:00,14160,-13.239,32.072,38.68
2019-01-15 05:00:00,14161,-12.975,31.099,37.53
2019-01-15 05:15:00,14162,-12.676,30.459,36.70
2019-01-15 05:30:00,14163,-12.454,29.87,35.97
2019-01-15 05:45:00,14164,-12.306,29.517,35.52
2019-01-15 06:00:00,14165,-12.123,29.411,35.29
2019-01-15 06:15:00,14166,-12.602,29.796,35.99
2019-01-15 06:30:00,14167,-13.05,29.938,36.42
2019-01-15 06:45:00,14168,-13.505,30.261,37.04
2019-01-15 07:00:00,14169,-13.772,31.024,37.98
2019-01-15 07:15:00,14170,-13.811,31.685,38.66
2019-01-15 07:30:00,14171,-13.734,31.874,38.80
2019-01-15 07:45:00,14172,-13.888,31.497,38.52
2019-01-15 08:00:00,14173,-14.667,31.603,39.14
2019-01-15 08:15:00,14174,-14.786,31.893,39.50
2019-01-15 08:30:00,14175,-14.589,31.731,39.21
2019-01-15 08:45:00,14176,-15.024,31.87,39.64
2019-01-15 09:00:00,14177,-15.064,31.806,39.60
2019-01-15 09:15:00,14178,-15.305,31.963,39.91
2019-01-15 09:30:00,14179,-14.628,31.728,39.24
2019-01-15 09:45:00,14180,-14.12,30.931,38.11
2019-01-15 10:00:00,14181,-14.004,30.215,37.32
2019-01-15 10:15:00,14182,-14.042,29.726,36.85
2019-01-15 10:30:00,14183,-13.734,29.876,36.80
2019-01-15 10:45:00,14184,-13.657,29.457,36.33
2019-01-15 11:00:00,14185,-13.926,29.646,36.70
2019-01-15 11:15:00,14186,-14.159,28.621,35.82
2019-01-15 11:30:00,14187,-14.197,27.641,34.87
2019-01-15 11:45:00,14188,-14.471,26.853,34.26
2019-01-15 12:00:00,14189,-14.826,26.149,33.79
2019-01-15 12:15:00,14190,-15.669,25.805,33.99
2019-01-15 12:30:00,14191,-16.451,25.161,33.85
2019-01-15 12:45:00,14192,-16.912,24.726,33.72
2019-01-15 13:00:00,14193,-17.338,24.448,33.72
2019-01-15 13:15:00,14194,-17.64,24.18,33.65
2019-01-15 13:30:00,14195,-18.208,23.922,33.76
2019-01-15 13:45:00,14196,-18.787,23.725,33.94
2019-01-15 14:00:00,14197,-20.026,23.448,34.46
2019-01-15 14:15:00,14198,-21.223,23.115,34.91
2019-01-15 14:30:00,14199,-22.016,23.056,35.37
2019-01-15 14:45:00,14200,-22.626,23.132,35.84
2019-01-15 15:00:00,14201,-23.462,23.311,36.56
2019-01-15 15:15:00,14202,-24.214,23.435,37.17
2019-01-15 15:30:00,14203,-24.765,23.693,37.79
2019-01-15 15:45:00,14204,-25.27,24.014,38.44
2019-01-15 16:00:00,14205,-25.101,24.327,38.64
2019-01-15 16:15:00,14206,-24.765,24.953,39.05
2019-01-15 16:30:00,14207,-24.269,25.471,39.25
2019-01-15 16:45:00,14208,-24.105,25.784,39.45
2019-01-15 17:00:00,14209,-24.16,25.869,39.57
2019-01-15 17:15:00,14210,-23.997,25.852,39.45
2019-01-15 17:30:00,14211,-23.674,25.999,39.39
2019-01-15 17:45:00,14212,-23.356,26.145,39.33
2019-01-15 18:00:00,14213,-22.989,26.295,39.24
2019-01-15 18:15:00,14214,-22.575,26.389,39.06
2019-01-15 18:30:00,14215,-22.422,26.342,38.92
2019-01-15 18:45:00,14216,-22.833,26.068,38.91
2019-01-15 19:00:00,14217,-22.937,25.88,38.79
2019-01-15 19:15:00,14218,-23.462,25.717,38.97
2019-01-15 19:30:00,14219,-24.051,25.579,39.21
2019-01-15 19:45:00,14220,-24.433,26.949,40.83
2019-01-15 20:00:00,14221,-24.105,29.2,42.87
2019-01-15 20:15:00,14222,-23.728,31.734,45.16
2019-01-15 20:30:00,14223,-23.145,33.662,46.71
2019-01-15 20:45:00,14224,-22.729,34.927,47.70
2019-01-15 21:00:00,14225,-22.218,36.025,48.47
2019-01-15 21:15:00,14226,-21.716,36.949,49.06
2019-01-15 21:30:00,14227,-21.37,37.508,49.40
2019-01-15 21:45:00,14228,-21.716,37.382,49.50
2019-01-15 22:00:00,14229,-22.524,36.858,49.50
2019-01-15 22:15:00,14230,-22.678,36.379,49.12
2019-01-15 22:30:00,14231,-22.885,36.357,49.23
2019-01-15 22:45:00,14232,-22.937,36.495,49.40
2019-01-15 23:00:00,14233,-22.781,37.088,49.90
2019-01-15 23:15:00,14234,-22.016,37.722,50.03
2019-01-15 23:30:00,14235,-21.077,38.607,50.31
2019-01-15 23:45:00,14236,-20.499,39.25,50.57
2019-01-16 00:00:00,14237,-19.7,39.517,50.32
2019-01-16 00:15:00,14238,-18.922,39.408,49.71
2019-01-16 00:30:00,14239,-18.208,38.971,48.81
2019-01-16 00:45:00,14240,-17.338,38.577,47.85
2019-01-16 01:00:00,14241,-16.828,38.286,47.22
2019-01-16 01:15:00,14242,-16.367,36.844,45.48
2019-01-16 01:30:00,14243,-15.791,35.461,43.73
2019-01-16 01:45:00,14244,-15.305,34.175,42.12
2019-01-16 02:00:00,14245,-14.707,33.161,40.72
2019-01-16 02:15:00,14246,-14.353,32.235,39.56
2019-01-16 02:30:00,14247,-14.197,31.588,38.82
2019-01-16 02:45:00,14248,-13.772,30.873,37.82
2019-01-16 03:00:00,14249,-13.811,30.415,37.39
2019-01-16 03:15:00,14250,-13.888,30.286,37.31
2019-01-16 03:30:00,14251,-13.811,30.172,37.15
2019-01-16 03:45:00,14252,-14.236,29.709,36.96
2019-01-16 04:00:00,14253,-14.589,29.313,36.80
2019-01-16 04:15:00,14254,-14.786,29.113,36.72
2019-01-16 04:30:00,14255,-15.064,29.058,36.85
2019-01-16 04:45:00,14256,-15.224,29.286,37.18
2019-01-16 05:00:00,14257,-15.224,29.528,37.42
2019-01-16 05:15:00,14258,-15.144,29.596,37.44
2019-01-16 05:30:00,14259,-15.709,29.696,37.91
2019-01-16 05:45:00,14260,-15.832,30.017,38.31
2019-01-16 06:00:00,14261,-16.078,30.447,38.90
2019-01-16 06:15:00,14262,-16.037,30.812,39.24
2019-01-16 06:30:00,14263,-16.284,31.299,39.88
2019-01-16 06:45:00,14264,-16.367,31.68,40.32
2019-01-16 07:00:00,14265,-16.409,31.976,40.64
2019-01-16 07:15:00,14266,-16.367,32.159,40.80
2019-01-16 07:30:00,14267,-16.618,32.195,41.00
2019-01-16 07:45:00,14268,-15.791,32.096,40.36
2019-01-16 08:00:00,14269,-15.587,31.936,40.07
2019-01-16 08:15:00,14270,-15.305,31.783,39.73
2019-01-16 08:30:00,14271,-14.51,31.498,38.93
2019-01-16 08:45:00,14272,-14.236,30.89,38.14
2019-01-16 09:00:00,14273,-13.657,30.247,37.12
2019-01-16 09:15:00,14274,-13.315,30.066,36.72
2019-01-16 09:30:00,14275,-13.201,29.559,36.14
2019-01-16 09:45:00,14276,-12.9,28.609,34.99
2019-01-16 10:00:00,14277,-13.543,27.758,34.56
2019-01-16 10:15:00,14278,-14.042,26.766,33.89
2019-01-16 10:30:00,14279,-14.51,26.083,33.51
2019-01-16 10:45:00,14280,-14.589,25.585,33.07
2019-01-16 11:00:00,14281,-15.547,25.447,33.55
2019-01-16 11:15:00,14282,-16.037,25.132,33.56
2019-01-16 11:30:00,14283,-17.424,25.053,34.38
2019-01-16 11:45:00,14284,-18.967,25.205,35.53
2019-01-16 12:00:00,14285,-21.223,25.659,37.45
2019-01-16 12:15:00,14286,-22.833,27.145,39.99
2019-01-16 12:30:00,14287,-23.674,29.062,42.45
2019-01-16 12:45:00,14288,-24.654,30.971,45.00
2019-01-16 13:00:00,14289,-25.327,33.118,47.58
2019-01-16 13:15:00,14290,-25.902,34.875,49.71
2019-01-16 13:30:00,14291,-26.312,36.462,51.56
2019-01-16 13:45:00,14292,-26.49,38.09,53.31
2019-01-16 14:00:00,14293,-26.729,39.67,55.04
2019-01-16 14:15:00,14294,-26.849,41.141,56.59
2019-01-16 14:30:00,14295,-26.97,42.435,57.97
2019-01-16 14:45:00,14296,-27.031,43.619,59.19
2019-01-16 15:00:00,14297,-27.092,44.686,60.30
2019-01-16 15:15:00,14298,-27.092,45.619,61.23
2019-01-16 15:30:00,14299,-26.97,46.621,62.15
2019-01-16 15:45:00,14300,-26.97,47.438,62.97
2019-01-16 16:00:00,14301,-27.092,48.127,63.74
2019-01-16 16:15:00,14302,-27.584,48.758,64.69
2019-01-16 16:30:00,14303,-27.398,49.298,65.11
2019-01-16 16:45:00,14304,-27.46,49.853,65.70
2019-01-16 17:00:00,14305,-27.584,50.13,66.06
2019-01-16 17:15:00,14306,-26.609,50.601,65.90
2019-01-16 17:30:00,14307,-26.55,51.334,66.59
2019-01-16 17:45:00,14308,-26.431,51.834,67.01
2019-01-16 18:00:00,14309,-26.136,52.415,67.40
2019-01-16 18:15:00,14310,-26.019,53.18,68.09
2019-01-16 18:30:00,14311,-25.902,53.837,68.67
2019-01-16 18:45:00,14312,-26.253,53.753,68.82
2019-01-16 19:00:00,14313,-26.312,53.239,68.34
2019-01-16 19:15:00,14314,-27.031,52.459,68.03
2019-01-16 19:30:00,14315,-27.46,51.406,67.26
2019-01-16 19:45:00,14316,-27.959,50.474,66.65
2019-01-16 20:00:00,14317,-28.469,49.781,66.29
2019-01-16 20:15:00,14318,-29.187,49.218,66.19
2019-01-16 20:30:00,14319,-29.52,48.605,65.79
2019-01-16 20:45:00,14320,-29.253,48.242,65.26
2019-01-16 21:00:00,14321,-29.121,48.423,65.35
2019-01-16 21:15:00,14322,-28.792,48.579,65.29
2019-01-16 21:30:00,14323,-28.213,48.961,65.30
2019-01-16 21:45:00,14324,-27.959,49.59,65.76
2019-01-16 22:00:00,14325,-27.833,50.145,66.24
2019-01-16 22:15:00,14326,-25.441,50.726,65.26
2019-01-16 22:30:00,14327,-22.833,53.718,66.56
2019-01-16 22:45:00,14328,-21.125,56.73,68.46
2019-01-16 23:00:00,14329,-20.309,58.758,69.96
2019-01-16 23:15:00,14330,-19.561,59.949,70.66
2019-01-16 23:30:00,14331,-19.103,60.824,71.24
2019-01-16 23:45:00,14332,-18.967,61.507,71.84
2019-01-17 00:00:00,14333,-18.922,61.936,72.24
2019-01-17 00:15:00,14334,-19.058,62.226,72.61
2019-01-17 00:30:00,14335,-19.331,62.882,73.45
2019-01-17 00:45:00,14336,-19.515,63.395,74.08
2019-01-17 01:00:00,14337,-19.607,63.846,74.59
2019-01-17 01:15:00,14338,-19.746,64.105,74.94
2019-01-17 01:30:00,14339,-20.026,64.129,75.15
2019-01-17 01:45:00,14340,-20.167,63.506,74.61
2019-01-17 02:00:00,14341,-20.026,62.779,73.80
2019-01-17 02:15:00,14342,-20.167,62.726,73.83
2019-01-17 02:30:00,14343,-20.262,62.709,73.88
2019-01-17 02:45:00,14344,-20.309,62.544,73.74
2019-01-17 03:00:00,14345,-20.451,62.309,73.60
2019-01-17 03:15:00,14346,-20.595,62.23,73.62
2019-01-17 03:30:00,14347,-20.738,62.229,73.71
2019-01-17 03:45:00,14348,-21.223,62.061,73.86
2019-01-17 04:00:00,14349,-21.816,61.64,73.82
2019-01-17 04:15:00,14350,-21.567,61.164,73.18
2019-01-17 04:30:00,14351,-21.419,61.165,73.09
2019-01-17 04:45:00,14352,-21.518,60.991,72.98
2019-01-17 05:00:00,14353,-21.419,60.799,72.72
2019-01-17 05:15:00,14354,-21.223,60.783,72.58
2019-01-17 05:30:00,14355,-21.567,61.269,73.29
2019-01-17 05:45:00,14356,-21.816,61.51,73.69
2019-01-17 06:00:00,14357,-21.866,61.579,73.79
2019-01-17 06:15:00,14358,-21.866,61.579,73.79
2019-01-17 06:30:00,14359,-21.716,61.554,73.67
2019-01-17 06:45:00,14360,-21.37,61.592,73.48
2019-01-17 07:00:00,14361,-20.931,61.672,73.28
2019-01-17 07:15:00,14362,-20.642,61.751,73.17
2019-01-17 07:30:00,14363,-20.499,61.726,73.05
2019-01-17 07:45:00,14364,-20.356,61.542,72.77
2019-01-17 08:00:00,14365,-20.262,61.245,72.42
2019-01-17 08:15:00,14366,-20.167,61.053,72.16
2019-01-17 08:30:00,14367,-20.309,60.948,72.15
2019-01-17 08:45:00,14368,-20.451,60.607,71.90
2019-01-17 09:00:00,14369,-20.451,60.265,71.56
2019-01-17 09:15:00,14370,-20.499,59.915,71.24
2019-01-17 09:30:00,14371,-20.786,59.6,71.11
2019-01-17 09:45:00,14372,-20.738,59.133,70.61
2019-01-17 10:00:00,14373,-21.321,58.872,70.73
2019-01-17 10:15:00,14374,-21.667,58.39,70.47
2019-01-17 10:30:00,14375,-21.916,58.003,70.25
2019-01-17 10:45:00,14376,-22.117,57.73,70.11
2019-01-17 11:00:00,14377,-22.32,57.457,69.97
2019-01-17 11:15:00,14378,-22.524,57.131,69.77
2019-01-17 11:30:00,14379,-22.575,56.751,69.42
2019-01-17 11:45:00,14380,-22.781,56.451,69.26
2019-01-17 12:00:00,14381,-22.833,56.07,68.91
2019-01-17 12:15:00,14382,-23.462,55.991,69.24
2019-01-17 12:30:00,14383,-23.674,55.425,68.81
2019-01-17 12:45:00,14384,-23.781,55.327,68.78
2019-01-17 13:00:00,14385,-23.997,55.158,68.76
2019-01-17 13:15:00,14386,-24.051,54.857,68.49
2019-01-17 13:30:00,14387,-24.269,54.582,68.36
2019-01-17 13:45:00,14388,-24.433,54.262,68.14
2019-01-17 14:00:00,14389,-24.543,53.844,67.80
2019-01-17 14:15:00,14390,-24.876,53.523,67.69
2019-01-17 14:30:00,14391,-24.821,53.159,67.29
2019-01-17 14:45:00,14392,-24.821,52.918,67.05
2019-01-17 15:00:00,14393,-24.654,52.73,66.76
2019-01-17 15:15:00,14394,-24.433,52.47,66.35
2019-01-17 15:30:00,14395,-24.269,52.227,66.00
2019-01-17 15:45:00,14396,-24.433,52.147,66.03
2019-01-17 16:00:00,14397,-24.765,52.149,66.25
2019-01-17 16:15:00,14398,-25.786,51.962,66.72
2019-01-17 16:30:00,14399,-27.584,51.893,67.82
2019-01-17 16:45:00,14400,-29.386,52.085,69.19
2019-01-17 17:00:00,14401,-30.201,51.982,69.61
2019-01-17 17:15:00,14402,-30.76,51.946,69.94
2019-01-17 17:30:00,14403,-30.831,51.987,70.03
2019-01-17 17:45:00,14404,-30.409,52.37,70.14
2019-01-17 18:00:00,14405,-29.995,53.303,70.80
2019-01-17 18:15:00,14406,-30.132,54.065,71.65
2019-01-17 18:30:00,14407,-30.34,54.473,72.19
2019-01-17 18:45:00,14408,-30.409,54.514,72.28
2019-01-17 19:00:00,14409,-30.063,54.545,72.09
2019-01-17 19:15:00,14410,-29.587,55.094,72.33
2019-01-17 19:30:00,14411,-29.055,55.834,72.72
2019-01-17 19:45:00,14412,-28.469,56.661,73.17
2019-01-17 20:00:00,14413,-28.086,57.402,73.66
2019-01-17 20:15:00,14414,-27.771,57.948,74.00
2019-01-17 20:30:00,14415,-27.46,58.468,74.32
2019-01-17 20:45:00,14416,-27.031,58.855,74.43
2019-01-17 21:00:00,14417,-26.609,59.524,74.82
2019-01-17 21:15:00,14418,-26.312,60.067,75.17
2019-01-17 21:30:00,14419,-26.136,60.459,75.45
2019-01-17 21:45:00,14420,-26.194,60.603,75.63
2019-01-17 22:00:00,14421,-26.371,60.647,75.79
2019-01-17 22:15:00,14422,-25.556,60.385,75.00
2019-01-17 22:30:00,14423,-24.598,60.663,74.65
2019-01-17 22:45:00,14424,-21.419,60.354,72.28
2019-01-17 23:00:00,14425,-18.877,61.839,72.11
2019-01-17 23:15:00,14426,-17.988,63.368,73.06
2019-01-17 23:30:00,14427,-18.164,64.25,74.06
2019-01-17 23:45:00,14428,-18.518,64.625,74.66
2019-01-18 00:00:00,14429,-18.832,64.694,74.93
2019-01-18 00:15:00,14430,-19.561,64.529,75.24
2019-01-18 00:30:00,14431,-20.262,64.549,75.72
2019-01-18 00:45:00,14432,-20.642,64.734,76.15
2019-01-18 01:00:00,14433,-20.931,64.987,76.59
2019-01-18 01:15:00,14434,-21.223,65.187,76.98
2019-01-18 01:30:00,14435,-21.37,65.235,77.13
2019-01-18 01:45:00,14436,-21.419,65.328,77.25
2019-01-18 02:00:00,14437,-21.518,65.385,77.37
2019-01-18 02:15:00,14438,-21.816,65.148,77.33
2019-01-18 02:30:00,14439,-22.32,64.615,77.12
2019-01-18 02:45:00,14440,-23.041,63.785,76.76
2019-01-18 03:00:00,14441,-23.568,62.607,75.93
2019-01-18 03:15:00,14442,-23.997,61.651,75.25
2019-01-18 03:30:00,14443,-24.433,61.21,75.09
2019-01-18 03:45:00,14444,-24.821,61.035,75.17
2019-01-18 04:00:00,14445,-25.214,60.937,75.33
2019-01-18 04:15:00,14446,-25.613,60.684,75.33
2019-01-18 04:30:00,14447,-25.96,60.285,75.16
2019-01-18 04:45:00,14448,-26.136,59.816,74.80
2019-01-18 05:00:00,14449,-26.253,59.459,74.52
2019-01-18 05:15:00,14450,-26.253,59.097,74.16
2019-01-18 05:30:00,14451,-26.019,58.854,73.77
2019-01-18 05:45:00,14452,-25.728,58.802,73.53
2019-01-18 06:00:00,14453,-25.498,58.894,73.47
2019-01-18 06:15:00,14454,-25.327,59.133,73.60
2019-01-18 06:30:00,14455,-25.27,59.376,73.80
2019-01-18 06:45:00,14456,-25.045,59.624,73.90
2019-01-18 07:00:00,14457,-24.765,60.115,74.21
2019-01-18 07:15:00,14458,-24.433,60.641,74.52
2019-01-18 07:30:00,14459,-23.889,61.155,74.68
2019-01-18 07:45:00,14460,-23.25,61.686,74.80
2019-01-18 08:00:00,14461,-22.524,62.183,74.82
2019-01-18 08:15:00,14462,-21.223,62.477,74.27
2019-01-18 08:30:00,14463,-20.026,62.309,73.33
2019-01-18 08:45:00,14464,-19.24,61.904,72.41
2019-01-18 09:00:00,14465,-19.515,61.932,72.62
2019-01-18 09:15:00,14466,-18.877,61.418,71.69
2019-01-18 09:30:00,14467,-19.331,60.862,71.43
2019-01-18 09:45:00,14468,-19.793,59.591,70.46
2019-01-18 10:00:00,14469,-20.738,58.313,69.79
2019-01-18 10:15:00,14470,-20.931,56.95,68.56
2019-01-18 10:30:00,14471,-21.518,56.023,68.01
2019-01-18 10:45:00,14472,-21.816,55.037,67.22
2019-01-18 11:00:00,14473,-22.218,54.22,66.66
2019-01-18 11:15:00,14474,-21.223,53.03,64.82
2019-01-18 11:30:00,14475,-20.547,52.212,63.57
2019-01-18 11:45:00,14476,-20.12,51.895,62.97
2019-01-18 12:00:00,14477,-20.262,51.326,62.50
2019-01-18 12:15:00,14478,-21.028,50.443,62.11
2019-01-18 12:30:00,14479,-21.125,49.521,61.25
2019-01-18 12:45:00,14480,-20.547,48.723,60.08
2019-01-18 13:00:00,14481,-19.058,48.716,59.10
2019-01-18 13:15:00,14482,-18.164,48.706,58.51
2019-01-18 13:30:00,14483,-18.032,48.334,58.05
2019-01-18 13:45:00,14484,-19.149,47.476,57.92
2019-01-18 14:00:00,14485,-19.24,46.091,56.60
2019-01-18 14:15:00,14486,-23.093,45.174,58.18
2019-01-18 14:30:00,14487,-21.916,43.933,56.18
2019-01-18 14:45:00,14488,-19.607,43.274,54.02
2019-01-18 15:00:00,14489,-18.34,43.295,53.22
2019-01-18 15:15:00,14490,-16.87,43.141,52.11
2019-01-18 15:30:00,14491,-18.296,43.415,53.31
2019-01-18 15:45:00,14492,-19.561,42.341,53.06
2019-01-18 16:00:00,14493,-20.356,41.044,52.28
2019-01-18 16:15:00,14494,-21.518,40.188,52.17
2019-01-18 16:30:00,14495,-21.567,39.725,51.74
2019-01-18 16:45:00,14496,-21.223,39.767,51.56
2019-01-18 17:00:00,14497,-20.642,39.549,50.97
2019-01-18 17:15:00,14498,-19.377,39.296,49.89
2019-01-18 17:30:00,14499,-18.787,39.279,49.49
2019-01-18 17:45:00,14500,-17.64,39.53,49.00
2019-01-18 18:00:00,14501,-19.194,40.671,51.15
2019-01-18 18:15:00,14502,-20.356,39.928,51.16
2019-01-18 18:30:00,14503,-21.667,39.084,51.17
2019-01-18 18:45:00,14504,-21.617,38.343,50.39
2019-01-18 19:00:00,14505,-21.816,38.177,50.36
2019-01-18 19:15:00,14506,-21.667,38.223,50.31
2019-01-18 19:30:00,14507,-20.356,38.835,50.07
2019-01-18 19:45:00,14508,-20.356,39.842,51.07
2019-01-18 20:00:00,14509,-19.423,40.068,50.69
2019-01-18 20:15:00,14510,-18.164,41.026,50.83
2019-01-18 20:30:00,14511,-16.284,42.065,50.65
2019-01-18 20:45:00,14512,-16.037,42.988,51.41
2019-01-18 21:00:00,14513,-15.669,42.574,50.76
2019-01-18 21:15:00,14514,-15.385,42.667,50.67
2019-01-18 21:30:00,14515,-15.75,41.958,50.20
2019-01-18 21:45:00,14516,-15.709,41.384,49.59
2019-01-18 22:00:00,14517,-16.702,40.771,49.63
2019-01-18 22:15:00,14518,-17.813,39.944,49.52
2019-01-18 22:30:00,14519,-18.385,39.471,49.42
2019-01-18 22:45:00,14520,-18.787,39.25,49.46
2019-01-18 23:00:00,14521,-18.877,39.528,49.80
2019-01-18 23:15:00,14522,-18.787,40.202,50.41
2019-01-18 23:30:00,14523,-17.082,41.879,50.98
2019-01-18 23:45:00,14524,-15.064,46.321,54.11
2019-01-19 00:00:00,14525,-14.197,48.259,55.49
2019-01-19 00:15:00,14526,-14.865,46.632,54.29
2019-01-19 00:30:00,14527,-15.954,42.97,51.34
2019-01-19 00:45:00,14528,-16.955,40.914,49.93
2019-01-19 01:00:00,14529,-17.467,40.361,49.71
2019-01-19 01:15:00,14530,-17.988,39.865,49.56
2019-01-19 01:30:00,14531,-17.295,40.497,49.74
2019-01-19 01:45:00,14532,-17.253,41.944,51.16
2019-01-19 02:00:00,14533,-17.813,41.271,50.85
2019-01-19 02:15:00,14534,-18.652,40.334,50.46
2019-01-19 02:30:00,14535,-19.607,39.557,50.30
2019-01-19 02:45:00,14536,-20.642,38.917,50.33
2019-01-19 03:00:00,14537,-21.469,38.447,50.40
2019-01-19 03:15:00,14538,-22.269,38.411,50.89
2019-01-19 03:30:00,14539,-22.937,38.934,51.84
2019-01-19 03:45:00,14540,-23.728,39.694,53.12
2019-01-19 04:00:00,14541,-24.488,40.451,54.37
2019-01-19 04:15:00,14542,-24.932,41.269,55.47
2019-01-19 04:30:00,14543,-25.27,42.208,56.63
2019-01-19 04:45:00,14544,-25.556,43.175,57.79
2019-01-19 05:00:00,14545,-25.671,44.16,58.85
2019-01-19 05:15:00,14546,-25.556,45.088,59.70
2019-01-19 05:30:00,14547,-25.27,46.01,60.44
2019-01-19 05:45:00,14548,-24.765,46.988,61.09
2019-01-19 06:00:00,14549,-24.323,47.929,61.74
2019-01-19 06:15:00,14550,-24.105,48.672,62.34
2019-01-19 06:30:00,14551,-23.781,49.102,62.56
2019-01-19 06:45:00,14552,-23.568,49.38,62.70
2019-01-19 07:00:00,14553,-23.356,49.657,62.84
2019-01-19 07:15:00,14554,-23.198,49.817,62.90
2019-01-19 07:30:00,14555,-23.145,49.661,62.71
2019-01-19 07:45:00,14556,-23.145,49.169,62.21
2019-01-19 08:00:00,14557,-23.145,48.593,61.64
2019-01-19 08:15:00,14558,-23.356,47.931,61.11
2019-01-19 08:30:00,14559,-23.462,47.173,60.42
2019-01-19 08:45:00,14560,-23.835,46.403,59.90
2019-01-19 09:00:00,14561,-24.105,45.646,59.31
2019-01-19 09:15:00,14562,-24.323,44.951,58.76
2019-01-19 09:30:00,14563,-24.765,44.974,59.07
2019-01-19 09:45:00,14564,-25.27,45.596,60.02
2019-01-19 10:00:00,14565,-25.902,46.224,61.06
2019-01-19 10:15:00,14566,-26.49,46.525,61.74
2019-01-19 10:30:00,14567,-27.092,46.795,62.40
2019-01-19 10:45:00,14568,-27.708,46.898,62.91
2019-01-19 11:00:00,14569,-28.213,46.988,63.33
2019-01-19 11:15:00,14570,-28.727,47.158,63.83
2019-01-19 11:30:00,14571,-29.32,47.208,64.27
2019-01-19 11:45:00,14572,-29.927,47.148,64.60
2019-01-19 12:00:00,14573,-30.479,47.283,65.09
2019-01-19 12:15:00,14574,-30.902,47.463,65.55
2019-01-19 12:30:00,14575,-31.261,47.625,65.94
2019-01-19 12:45:00,14576,-31.333,47.802,66.17
2019-01-19 13:00:00,14577,-31.117,48.181,66.41
2019-01-19 13:15:00,14578,-30.973,48.549,66.68
2019-01-19 13:30:00,14579,-31.405,48.884,67.30
2019-01-19 13:45:00,14580,-31.188,48.837,67.11
2019-01-19 14:00:00,14581,-31.188,48.651,66.92
2019-01-19 14:15:00,14582,-31.333,48.389,66.76
2019-01-19 14:30:00,14583,-32.828,48.087,67.43
2019-01-19 14:45:00,14584,-33.296,47.593,67.24
2019-01-19 15:00:00,14585,-33.375,47.236,66.93
2019-01-19 15:15:00,14586,-32.983,47.027,66.47
2019-01-19 15:30:00,14587,-32.828,46.996,66.33
2019-01-19 15:45:00,14588,-32.983,47.08,66.52
2019-01-19 16:00:00,14589,-33.139,47.057,66.60
2019-01-19 16:15:00,14590,-33.061,46.962,66.45
2019-01-19 16:30:00,14591,-32.983,47.053,66.49
2019-01-19 16:45:00,14592,-33.061,47.095,66.58
2019-01-19 17:00:00,14593,-33.139,47.111,66.65
2019-01-19 17:15:00,14594,-33.218,47.046,66.64
2019-01-19 17:30:00,14595,-33.139,46.977,66.52
2019-01-19 17:45:00,14596,-33.218,47.046,66.64
2019-01-19 18:00:00,14597,-33.139,47.111,66.65
2019-01-19 18:15:00,14598,-32.983,47.267,66.71
2019-01-19 18:30:00,14599,-32.983,47.48,66.92
2019-01-19 18:45:00,14600,-32.674,47.738,66.98
2019-01-19 19:00:00,14601,-32.521,47.973,67.11
2019-01-19 19:15:00,14602,-32.445,48.197,67.29
2019-01-19 19:30:00,14603,-32.219,48.391,67.33
2019-01-19 19:45:00,14604,-28.727,48.212,64.88
2019-01-19 20:00:00,14605,-26.194,48.638,63.66
2019-01-19 20:15:00,14606,-25.101,49.831,64.15
2019-01-19 20:30:00,14607,-24.543,51.025,64.98
2019-01-19 20:45:00,14608,-23.889,51.747,65.27
2019-01-19 21:00:00,14609,-23.25,52.252,65.36
2019-01-19 21:15:00,14610,-23.145,52.781,65.83
2019-01-19 21:30:00,14611,-23.041,53.228,66.20
2019-01-19 21:45:00,14612,-21.866,53.334,65.55
2019-01-19 22:00:00,14613,-20.835,53.688,65.23
2019-01-19 22:15:00,14614,-20.262,54.294,65.46
2019-01-19 22:30:00,14615,-19.7,54.844,65.65
2019-01-19 22:45:00,14616,-19.746,55.35,66.18
2019-01-19 23:00:00,14617,-19.24,55.865,66.37
2019-01-19 23:15:00,14618,-18.967,56.53,66.86
2019-01-19 23:30:00,14619,-18.877,57.459,67.73
2019-01-19 23:45:00,14620,-18.429,58.017,68.00
2019-01-20 00:00:00,14621,-17.988,58.575,68.27
2019-01-20 00:15:00,14622,-17.727,59.156,68.68
2019-01-20 00:30:00,14623,-17.51,59.567,68.95
2019-01-20 00:45:00,14624,-17.813,60.26,69.84
2019-01-20 01:00:00,14625,-17.727,60.594,70.12
2019-01-20 01:15:00,14626,-18.164,61.152,70.96
2019-01-20 01:30:00,14627,-18.429,61.605,71.58
2019-01-20 01:45:00,14628,-18.832,61.979,72.22
2019-01-20 02:00:00,14629,-19.149,62.131,72.58
2019-01-20 02:15:00,14630,-19.515,62.378,73.06
2019-01-20 02:30:00,14631,-19.886,62.596,73.52
2019-01-20 02:45:00,14632,-20.262,62.917,74.09
2019-01-20 03:00:00,14633,-20.547,63.175,74.53
2019-01-20 03:15:00,14634,-20.547,63.46,74.82
2019-01-20 03:30:00,14635,-20.786,63.726,75.24
2019-01-20 03:45:00,14636,-21.077,64.109,75.81
2019-01-20 04:00:00,14637,-21.419,64.25,76.17
2019-01-20 04:15:00,14638,-21.469,64.343,76.30
2019-01-20 04:30:00,14639,-21.617,64.392,76.44
2019-01-20 04:45:00,14640,-21.866,64.292,76.50
2019-01-20 05:00:00,14641,-22.371,63.939,76.48
2019-01-20 05:15:00,14642,-23.093,63.929,76.94
2019-01-20 05:30:00,14643,-23.198,63.729,76.81
2019-01-20 05:45:00,14644,-23.409,64.072,77.29
2019-01-20 06:00:00,14645,-23.781,64.23,77.69
2019-01-20 06:15:00,14646,-24.323,63.794,77.60
2019-01-20 06:30:00,14647,-25.101,63.136,77.45
2019-01-20 06:45:00,14648,-25.96,62.285,77.16
2019-01-20 07:00:00,14649,-26.669,61.718,77.05
2019-01-20 07:15:00,14650,-27.337,61.364,77.13
2019-01-20 07:30:00,14651,-27.959,60.917,77.09
2019-01-20 07:45:00,14652,-28.469,60.492,77.00
2019-01-20 08:00:00,14653,-28.858,60.14,76.90
2019-01-20 08:15:00,14654,-29.253,59.864,76.88
2019-01-20 08:30:00,14655,-29.587,59.548,76.78
2019-01-20 08:45:00,14656,-29.858,59.321,76.73
2019-01-20 09:00:00,14657,-30.201,59.029,76.66
2019-01-20 09:15:00,14658,-30.549,58.788,76.64
2019-01-20 09:30:00,14659,-30.831,58.534,76.57
2019-01-20 09:45:00,14660,-31.188,58.317,76.59
2019-01-20 10:00:00,14661,-31.551,58.074,76.58
2019-01-20 10:15:00,14662,-31.92,57.855,76.60
2019-01-20 10:30:00,14663,-32.219,57.65,76.59
2019-01-20 10:45:00,14664,-32.598,57.481,76.67
2019-01-20 11:00:00,14665,-32.983,57.26,76.70
2019-01-20 11:15:00,14666,-33.296,57.052,76.69
2019-01-20 11:30:00,14667,-33.694,56.881,76.78
2019-01-20 11:45:00,14668,-33.694,56.83,76.73
2019-01-20 12:00:00,14669,-33.139,56.698,76.24
2019-01-20 12:15:00,14670,-32.674,56.678,75.92
2019-01-20 12:30:00,14671,-32.445,56.743,75.83
2019-01-20 12:45:00,14672,-32.369,56.731,75.77
2019-01-20 13:00:00,14673,-32.445,56.871,75.96
2019-01-20 13:15:00,14674,-32.521,56.959,76.10
2019-01-20 13:30:00,14675,-32.598,57.022,76.21
2019-01-20 13:45:00,14676,-32.751,57.046,76.33
2019-01-20 14:00:00,14677,-32.983,57.006,76.44
2019-01-20 14:15:00,14678,-33.139,56.927,76.47
2019-01-20 14:30:00,14679,-33.454,56.745,76.49
2019-01-20 14:45:00,14680,-33.774,56.612,76.57
2019-01-20 15:00:00,14681,-34.017,56.418,76.53
2019-01-20 15:15:00,14682,-34.18,56.211,76.43
2019-01-20 15:30:00,14683,-34.262,56.044,76.31
2019-01-20 15:45:00,14684,-34.262,55.841,76.11
2019-01-20 16:00:00,14685,-34.098,55.665,75.83
2019-01-20 16:15:00,14686,-34.017,55.501,75.61
2019-01-20 16:30:00,14687,-33.936,55.412,75.47
2019-01-20 16:45:00,14688,-33.855,55.247,75.25
2019-01-20 17:00:00,14689,-33.774,55.133,75.09
2019-01-20 17:15:00,14690,-33.694,55.044,74.95
2019-01-20 17:30:00,14691,-33.614,54.981,74.83
2019-01-20 17:45:00,14692,-33.614,54.904,74.75
2019-01-20 18:00:00,14693,-33.454,54.906,74.65
2019-01-20 18:15:00,14694,-33.454,54.906,74.65
2019-01-20 18:30:00,14695,-33.454,54.906,74.65
2019-01-20 18:45:00,14696,-33.375,54.919,74.61
2019-01-20 19:00:00,14697,-33.296,54.984,74.63
2019-01-20 19:15:00,14698,-33.296,55.035,74.68
2019-01-20 19:30:00,14699,-33.218,55.126,74.72
2019-01-20 19:45:00,14700,-33.139,55.241,74.78
2019-01-20 20:00:00,14701,-32.983,55.294,74.73
2019-01-20 20:15:00,14702,-32.828,55.5,74.84
2019-01-20 20:30:00,14703,-32.751,55.821,75.11
2019-01-20 20:45:00,14704,-32.445,56.053,75.14
2019-01-20 21:00:00,14705,-32.069,56.246,75.09
2019-01-20 21:15:00,14706,-31.772,56.554,75.21
2019-01-20 21:30:00,14707,-31.405,56.848,75.26
2019-01-20 21:45:00,14708,-31.045,57.167,75.35
2019-01-20 22:00:00,14709,-30.619,57.524,75.43
2019-01-20 22:15:00,14710,-30.201,57.88,75.51
2019-01-20 22:30:00,14711,-29.722,58.298,75.62
2019-01-20 22:45:00,14712,-29.386,58.742,75.84
2019-01-20 23:00:00,14713,-29.121,59.071,76.00
2019-01-20 23:15:00,14714,-28.792,59.412,76.13
2019-01-20 23:30:00,14715,-28.533,59.74,76.29
2019-01-20 23:45:00,14716,-27.646,59.978,75.95
2019-01-21 00:00:00,14717,-27.214,60.237,75.93
2019-01-21 00:15:00,14718,-27.153,60.683,76.33
2019-01-21 00:30:00,14719,-27.214,60.825,76.51
2019-01-21 00:45:00,14720,-27.214,60.927,76.62
2019-01-21 01:00:00,14721,-27.214,61.106,76.80
2019-01-21 01:15:00,14722,-27.214,61.259,76.95
2019-01-21 01:30:00,14723,-27.214,61.361,77.05
2019-01-21 01:45:00,14724,-27.214,61.54,77.23
2019-01-21 02:00:00,14725,-27.214,61.718,77.41
2019-01-21 02:15:00,14726,-27.092,61.919,77.53
2019-01-21 02:30:00,14727,-27.031,62.184,77.75
2019-01-21 02:45:00,14728,-26.97,62.399,77.93
2019-01-21 03:00:00,14729,-26.849,62.625,78.08
2019-01-21 03:15:00,14730,-26.849,62.777,78.23
2019-01-21 03:30:00,14731,-26.91,62.842,78.33
2019-01-21 03:45:00,14732,-26.97,62.881,78.41
2019-01-21 04:00:00,14733,-26.97,62.982,78.51
2019-01-21 04:15:00,14734,-26.91,63.07,78.56
2019-01-21 04:30:00,14735,-26.91,63.145,78.64
2019-01-21 04:45:00,14736,-26.97,63.21,78.74
2019-01-21 05:00:00,14737,-27.092,63.186,78.80
2019-01-21 05:15:00,14738,-27.153,63.149,78.80
2019-01-21 05:30:00,14739,-27.337,63.139,78.91
2019-01-21 05:45:00,14740,-27.46,63.09,78.94
2019-01-21 06:00:00,14741,-27.646,62.979,78.95
2019-01-21 06:15:00,14742,-27.959,62.768,78.94
2019-01-21 06:30:00,14743,-28.276,62.48,78.86
2019-01-21 06:45:00,14744,-28.533,62.103,78.65
2019-01-21 07:00:00,14745,-28.792,61.751,78.47
2019-01-21 07:15:00,14746,-29.121,61.537,78.47
2019-01-21 07:30:00,14747,-29.453,61.323,78.47
2019-01-21 07:45:00,14748,-29.722,61.172,78.49
2019-01-21 08:00:00,14749,-29.927,61.033,78.49
2019-01-21 08:15:00,14750,-30.132,60.918,78.50
2019-01-21 08:30:00,14751,-30.34,60.804,78.53
2019-01-21 08:45:00,14752,-30.479,60.753,78.56
2019-01-21 09:00:00,14753,-30.69,60.663,78.61
2019-01-21 09:15:00,14754,-30.902,60.573,78.66
2019-01-21 09:30:00,14755,-31.188,60.47,78.74
2019-01-21 09:45:00,14756,-31.333,60.392,78.76
2019-01-21 10:00:00,14757,-31.624,60.288,78.84
2019-01-21 10:15:00,14758,-31.92,60.158,78.91
2019-01-21 10:30:00,14759,-32.143,60.066,78.96
2019-01-21 10:45:00,14760,-32.445,59.91,79.00
2019-01-21 11:00:00,14761,-32.751,59.778,79.07
2019-01-21 11:15:00,14762,-32.983,59.66,79.10
2019-01-21 11:30:00,14763,-33.218,59.591,79.18
2019-01-21 11:45:00,14764,-33.454,59.548,79.29
2019-01-21 12:00:00,14765,-33.614,59.493,79.34
2019-01-21 12:15:00,14766,-33.936,59.384,79.44
2019-01-21 12:30:00,14767,-34.18,59.239,79.46
2019-01-21 12:45:00,14768,-34.427,59.068,79.45
2019-01-21 13:00:00,14769,-34.845,58.892,79.54
2019-01-21 13:15:00,14770,-35.1,58.72,79.54
2019-01-21 13:30:00,14771,-35.444,58.557,79.60
2019-01-21 13:45:00,14772,-35.618,58.426,79.58
2019-01-21 14:00:00,14773,-35.793,58.344,79.61
2019-01-21 14:15:00,14774,-35.793,58.269,79.53
2019-01-21 14:30:00,14775,-35.793,58.119,79.38
2019-01-21 14:45:00,14776,-35.793,57.969,79.23
2019-01-21 15:00:00,14777,-36.148,57.754,79.25
2019-01-21 15:15:00,14778,-36.418,57.556,79.23
2019-01-21 15:30:00,14779,-36.509,57.389,79.12
2019-01-21 15:45:00,14780,-36.691,57.307,79.16
2019-01-21 16:00:00,14781,-36.6,57.273,79.06
2019-01-21 16:15:00,14782,-36.509,57.239,78.97
2019-01-21 16:30:00,14783,-36.509,57.264,78.99
2019-01-21 16:45:00,14784,-36.509,57.289,79.02
2019-01-21 17:00:00,14785,-36.418,57.28,78.95
2019-01-21 17:15:00,14786,-36.328,57.271,78.88
2019-01-21 17:30:00,14787,-36.059,57.269,78.71
2019-01-21 17:45:00,14788,-35.793,57.266,78.53
2019-01-21 18:00:00,14789,-35.618,57.273,78.42
2019-01-21 18:15:00,14790,-35.444,57.304,78.34
2019-01-21 18:30:00,14791,-35.1,57.314,78.13
2019-01-21 18:45:00,14792,-34.677,57.365,77.91
2019-01-21 19:00:00,14793,-34.017,57.406,77.52
2019-01-21 19:15:00,14794,-33.454,57.557,77.30
2019-01-21 19:30:00,14795,-33.139,57.714,77.25
2019-01-21 19:45:00,14796,-32.828,57.77,77.11
2019-01-21 20:00:00,14797,-32.751,57.809,77.10
2019-01-21 20:15:00,14798,-32.674,57.772,77.01
2019-01-21 20:30:00,14799,-32.445,57.736,76.83
2019-01-21 20:45:00,14800,-32.219,57.751,76.69
2019-01-21 21:00:00,14801,-31.845,57.869,76.57
2019-01-21 21:15:00,14802,-31.478,57.985,76.45
2019-01-21 21:30:00,14803,-31.188,58.113,76.39
2019-01-21 21:45:00,14804,-30.902,58.266,76.35
2019-01-21 22:00:00,14805,-30.479,58.444,76.26
2019-01-21 22:15:00,14806,-30.132,58.685,76.27
2019-01-21 22:30:00,14807,-29.722,58.963,76.28
2019-01-21 22:45:00,14808,-29.453,59.318,76.46
2019-01-21 23:00:00,14809,-29.121,59.633,76.56
2019-01-21 23:15:00,14810,-28.598,59.933,76.52
2019-01-21 23:30:00,14811,-25.728,60.044,74.77
2019-01-21 23:45:00,14812,-23.889,61.103,74.63
2019-01-22 00:00:00,14813,-23.303,61.961,75.11
2019-01-22 00:15:00,14814,-23.041,62.603,75.58
2019-01-22 00:30:00,14815,-22.989,62.896,75.84
2019-01-22 00:45:00,14816,-22.524,63.113,75.75
2019-01-22 01:00:00,14817,-22.422,63.724,76.30
2019-01-22 01:15:00,14818,-22.269,64.138,76.61
2019-01-22 01:30:00,14819,-22.473,64.611,77.22
2019-01-22 01:45:00,14820,-22.218,64.763,77.20
2019-01-22 02:00:00,14821,-21.321,65.065,76.92
2019-01-22 02:15:00,14822,-21.617,65.8,77.85
2019-01-22 02:30:00,14823,-22.833,66.144,78.99
2019-01-22 02:45:00,14824,-23.409,66.055,79.27
2019-01-22 03:00:00,14825,-23.515,66.059,79.34
2019-01-22 03:15:00,14826,-21.916,66.301,78.55
2019-01-22 03:30:00,14827,-20.499,67.144,78.47
2019-01-22 03:45:00,14828,-19.793,67.77,78.64
2019-01-22 04:00:00,14829,-19.423,68.099,78.72
2019-01-22 04:15:00,14830,-19.515,68.538,79.22
2019-01-22 04:30:00,14831,-19.746,68.694,79.53
2019-01-22 04:45:00,14832,-20.073,68.576,79.62
2019-01-22 05:00:00,14833,-20.262,68.588,79.76
2019-01-22 05:15:00,14834,-20.547,68.631,79.99
2019-01-22 05:30:00,14835,-20.69,68.399,79.85
2019-01-22 05:45:00,14836,-21.125,68.234,79.97
2019-01-22 06:00:00,14837,-21.518,67.978,79.96
2019-01-22 06:15:00,14838,-21.916,67.518,79.76
2019-01-22 06:30:00,14839,-22.32,67.209,79.72
2019-01-22 06:45:00,14840,-22.678,66.909,79.65
2019-01-22 07:00:00,14841,-23.041,66.432,79.41
2019-01-22 07:15:00,14842,-23.356,66.116,79.30
2019-01-22 07:30:00,14843,-23.889,65.581,79.11
2019-01-22 07:45:00,14844,-24.433,64.663,78.54
2019-01-22 08:00:00,14845,-24.988,63.717,77.96
2019-01-22 08:15:00,14846,-25.441,62.944,77.48
2019-01-22 08:30:00,14847,-25.902,62.295,77.13
2019-01-22 08:45:00,14848,-26.371,61.825,76.97
2019-01-22 09:00:00,14849,-26.49,61.47,76.69
2019-01-22 09:15:00,14850,-26.609,61.397,76.69
2019-01-22 09:30:00,14851,-26.849,61.353,76.80
2019-01-22 09:45:00,14852,-27.214,61.336,77.03
2019-01-22 10:00:00,14853,-27.584,61.216,77.15
2019-01-22 10:15:00,14854,-27.959,61.07,77.24
2019-01-22 10:30:00,14855,-28.34,60.973,77.39
2019-01-22 10:45:00,14856,-28.727,60.851,77.52
2019-01-22 11:00:00,14857,-29.121,60.727,77.66
2019-01-22 11:15:00,14858,-29.52,60.602,77.79
2019-01-22 11:30:00,14859,-30.063,60.476,78.02
2019-01-22 11:45:00,14860,-30.34,60.299,78.02
2019-01-22 12:00:00,14861,-30.619,60.146,78.05
2019-01-22 12:15:00,14862,-30.76,59.993,77.99
2019-01-22 12:30:00,14863,-30.973,59.828,77.96
2019-01-22 12:45:00,14864,-31.333,59.686,78.05
2019-01-22 13:00:00,14865,-31.845,59.491,78.19
2019-01-22 13:15:00,14866,-32.369,59.269,78.31
2019-01-22 13:30:00,14867,-32.983,59.056,78.49
2019-01-22 13:45:00,14868,-33.534,58.905,78.70
2019-01-22 14:00:00,14869,-34.017,58.792,78.90
2019-01-22 14:15:00,14870,-34.593,58.436,78.92
2019-01-22 14:30:00,14871,-34.93,58.15,78.85
2019-01-22 14:45:00,14872,-35.185,57.978,78.85
2019-01-22 15:00:00,14873,-35.357,57.822,78.80
2019-01-22 15:15:00,14874,-35.444,57.856,78.89
2019-01-22 15:30:00,14875,-35.185,57.928,78.80
2019-01-22 15:45:00,14876,-34.761,57.979,78.57
2019-01-22 16:00:00,14877,-34.427,58.291,78.67
2019-01-22 16:15:00,14878,-34.098,58.426,78.59
2019-01-22 16:30:00,14879,-33.534,58.704,78.50
2019-01-22 16:45:00,14880,-32.828,58.958,78.30
2019-01-22 17:00:00,14881,-32.445,59.129,78.22
2019-01-22 17:15:00,14882,-33.139,58.977,78.52
2019-01-22 17:30:00,14883,-33.774,58.887,78.84
2019-01-22 17:45:00,14884,-33.454,58.718,78.46
2019-01-22 18:00:00,14885,-32.219,58.715,77.66
2019-01-22 18:15:00,14886,-31.772,58.897,77.55
2019-01-22 18:30:00,14887,-31.624,59.051,77.61
2019-01-22 18:45:00,14888,-31.188,58.952,77.22
2019-01-22 19:00:00,14889,-30.902,58.903,76.99
2019-01-22 19:15:00,14890,-30.69,58.839,76.79
2019-01-22 19:30:00,14891,-30.479,58.673,76.48
2019-01-22 19:45:00,14892,-30.27,58.507,76.18
2019-01-22 20:00:00,14893,-30.132,58.429,76.01
2019-01-22 20:15:00,14894,-29.79,58.234,75.60
2019-01-22 20:30:00,14895,-29.32,58.164,75.22
2019-01-22 20:45:00,14896,-29.055,58.134,75.02
2019-01-22 21:00:00,14897,-28.727,58.192,74.86
2019-01-22 21:15:00,14898,-28.727,58.269,74.94
2019-01-22 21:30:00,14899,-28.858,58.323,75.08
2019-01-22 21:45:00,14900,-28.792,58.361,75.08
2019-01-22 22:00:00,14901,-28.662,58.384,75.01
2019-01-22 22:15:00,14902,-28.149,58.527,74.82
2019-01-22 22:30:00,14903,-26.609,58.438,73.73
2019-01-22 22:45:00,14904,-26.849,59.352,74.80
2019-01-22 23:00:00,14905,-26.729,59.734,75.11
2019-01-22 23:15:00,14906,-26.609,60.116,75.41
2019-01-22 23:30:00,14907,-25.101,60.235,74.55
2019-01-22 23:45:00,14908,-22.422,60.461,73.04
2019-01-23 00:00:00,14909,-20.167,61.498,72.61
2019-01-23 00:15:00,14910,-18.697,62.896,73.05
2019-01-23 00:30:00,14911,-17.988,64.179,73.87
2019-01-23 00:45:00,14912,-18.518,65.325,75.36
2019-01-23 01:00:00,14913,-17.901,65.6,75.24
2019-01-23 01:15:00,14914,-17.901,66.222,75.86
2019-01-23 01:30:00,14915,-18.032,66.532,76.25
2019-01-23 01:45:00,14916,-18.252,66.823,76.69
2019-01-23 02:00:00,14917,-18.832,66.888,77.13
2019-01-23 02:15:00,14918,-19.469,66.838,77.49
2019-01-23 02:30:00,14919,-21.321,66.725,78.58
2019-01-23 02:45:00,14920,-22.422,66.099,78.67
2019-01-23 03:00:00,14921,-22.678,65.617,78.36
2019-01-23 03:15:00,14922,-22.168,65.462,77.87
2019-01-23 03:30:00,14923,-21.518,65.743,77.73
2019-01-23 03:45:00,14924,-20.69,66.161,77.61
2019-01-23 04:00:00,14925,-19.839,66.79,77.69
2019-01-23 04:15:00,14926,-19.149,67.491,77.94
2019-01-23 04:30:00,14927,-18.697,68.195,78.35
2019-01-23 04:45:00,14928,-18.787,68.661,78.87
2019-01-23 05:00:00,14929,-19.058,68.657,79.04
2019-01-23 05:15:00,14930,-18.967,68.751,79.08
2019-01-23 05:30:00,14931,-18.787,68.916,79.13
2019-01-23 05:45:00,14932,-18.967,68.98,79.31
2019-01-23 06:00:00,14933,-19.058,68.631,79.02
2019-01-23 06:15:00,14934,-19.058,68.555,78.94
2019-01-23 06:30:00,14935,-19.331,68.245,78.81
2019-01-23 06:45:00,14936,-19.607,67.603,78.35
2019-01-23 07:00:00,14937,-19.979,66.66,77.65
2019-01-23 07:15:00,14938,-20.356,66.279,77.51
2019-01-23 07:30:00,14939,-20.404,66.039,77.30
2019-01-23 07:45:00,14940,-20.309,65.724,76.92
2019-01-23 08:00:00,14941,-20.12,65.735,76.81
2019-01-23 08:15:00,14942,-20.931,64.678,76.28
2019-01-23 08:30:00,14943,-21.916,62.866,75.11
2019-01-23 08:45:00,14944,-22.833,61.479,74.32
2019-01-23 09:00:00,14945,-23.621,60.296,73.65
2019-01-23 09:15:00,14946,-24.214,59.618,73.36
2019-01-23 09:30:00,14947,-24.876,59.005,73.17
2019-01-23 09:45:00,14948,-25.556,58.52,73.13
2019-01-23 10:00:00,14949,-26.019,58.127,73.04
2019-01-23 10:15:00,14950,-26.729,57.742,73.12
2019-01-23 10:30:00,14951,-27.337,57.325,73.09
2019-01-23 10:45:00,14952,-28.022,57.024,73.24
2019-01-23 11:00:00,14953,-28.792,56.631,73.35
2019-01-23 11:15:00,14954,-29.453,56.285,73.43
2019-01-23 11:30:00,14955,-30.201,55.898,73.53
2019-01-23 11:45:00,14956,-30.902,55.571,73.66
2019-01-23 12:00:00,14957,-31.551,55.203,73.71
2019-01-23 12:15:00,14958,-32.143,54.896,73.79
2019-01-23 12:30:00,14959,-33.296,54.65,74.29
2019-01-23 12:45:00,14960,-34.262,54.256,74.53
2019-01-23 13:00:00,14961,-35.185,53.845,74.72
2019-01-23 13:15:00,14962,-35.881,53.499,74.82
2019-01-23 13:30:00,14963,-36.6,53.2,74.99
2019-01-23 13:45:00,14964,-37.061,52.996,75.09
2019-01-23 14:00:00,14965,-37.628,52.902,75.36
2019-01-23 14:15:00,14966,-38.015,52.94,75.65
2019-01-23 14:30:00,14967,-38.508,52.985,76.02
2019-01-23 14:45:00,14968,-38.809,52.961,76.19
2019-01-23 15:00:00,14969,-39.012,53.053,76.41
2019-01-23 15:15:00,14970,-39.012,53.18,76.54
2019-01-23 15:30:00,14971,-38.91,53.273,76.56
2019-01-23 15:45:00,14972,-38.809,53.391,76.62
2019-01-23 16:00:00,14973,-38.607,53.349,76.44
2019-01-23 16:15:00,14974,-38.408,53.306,76.27
2019-01-23 16:30:00,14975,-37.917,53.439,76.09
2019-01-23 16:45:00,14976,-37.438,53.545,75.88
2019-01-23 17:00:00,14977,-36.876,53.69,75.66
2019-01-23 17:15:00,14978,-36.509,53.879,75.61
2019-01-23 17:30:00,14979,-35.705,54.039,75.25
2019-01-23 17:45:00,14980,-35.1,54.141,74.96
2019-01-23 18:00:00,14981,-34.345,54.088,74.41
2019-01-23 18:15:00,14982,-33.454,54.031,73.78
2019-01-23 18:30:00,14983,-32.143,54.043,72.94
2019-01-23 18:45:00,14984,-31.698,53.962,72.57
2019-01-23 19:00:00,14985,-30.69,53.79,71.74
2019-01-23 19:15:00,14986,-29.121,53.498,70.43
2019-01-23 19:30:00,14987,-28.34,53.018,69.44
2019-01-23 19:45:00,14988,-27.092,52.716,68.33
2019-01-23 20:00:00,14989,-26.019,52.487,67.40
2019-01-23 20:15:00,14990,-25.327,51.98,66.44
2019-01-23 20:30:00,14991,-24.543,51.565,65.52
2019-01-23 20:45:00,14992,-24.269,51.121,64.90
2019-01-23 21:00:00,14993,-23.781,50.518,63.98
2019-01-23 21:15:00,14994,-22.937,50.183,63.09
2019-01-23 21:30:00,14995,-22.016,49.664,61.97
2019-01-23 21:45:00,14996,-21.816,49.117,61.30
2019-01-23 22:00:00,14997,-21.469,48.92,60.87
2019-01-23 22:15:00,14998,-21.419,48.9,60.82
2019-01-23 22:30:00,14999,-20.786,49.13,60.64
2019-01-23 22:45:00,15000,-20.595,49.048,60.43
2019-01-23 23:00:00,15001,-20.642,48.986,60.40
2019-01-23 23:15:00,15002,-20.69,48.785,60.23
2019-01-23 23:30:00,15003,-20.499,48.84,60.16
2019-01-23 23:45:00,15004,-20.451,48.986,60.28
2019-01-24 00:00:00,15005,-20.073,49.013,60.06
2019-01-24 00:15:00,15006,-19.7,49.759,60.56
2019-01-24 00:30:00,15007,-19.331,50.808,61.37
2019-01-24 00:45:00,15008,-19.058,51.784,62.17
2019-01-24 01:00:00,15009,-18.877,52.416,62.69
2019-01-24 01:15:00,15010,-18.967,52.895,63.22
2019-01-24 01:30:00,15011,-18.787,53.087,63.30
2019-01-24 01:45:00,15012,-18.518,53.703,63.74
2019-01-24 02:00:00,15013,-18.607,53.825,63.92
2019-01-24 02:15:00,15014,-18.607,54.098,64.19
2019-01-24 02:30:00,15015,-18.697,54.709,64.86
2019-01-24 02:45:00,15016,-18.563,55.219,65.28
2019-01-24 03:00:00,15017,-18.474,55.667,65.68
2019-01-24 03:15:00,15018,-18.296,55.75,65.64
2019-01-24 03:30:00,15019,-18.429,55.647,65.63
2019-01-24 03:45:00,15020,-18.385,55.492,65.44
2019-01-24 04:00:00,15021,-18.34,55.716,65.64
2019-01-24 04:15:00,15022,-18.076,56.193,65.94
2019-01-24 04:30:00,15023,-17.727,56.818,66.34
2019-01-24 04:45:00,15024,-17.381,57.416,66.71
2019-01-24 05:00:00,15025,-17.253,57.357,66.57
2019-01-24 05:15:00,15026,-17.04,57.851,66.93
2019-01-24 05:30:00,15027,-16.87,58.526,67.49
2019-01-24 05:45:00,15028,-16.87,58.688,67.65
2019-01-24 06:00:00,15029,-16.702,59.334,68.19
2019-01-24 06:15:00,15030,-16.618,59.885,68.69
2019-01-24 06:30:00,15031,-16.534,59.149,67.90
2019-01-24 06:45:00,15032,-16.409,59.224,67.89
2019-01-24 07:00:00,15033,-15.996,60.182,68.58
2019-01-24 07:15:00,15034,-15.345,62.698,70.67
2019-01-24 07:30:00,15035,-14.905,64.711,72.40
2019-01-24 07:45:00,15036,-14.549,65.621,73.08
2019-01-24 08:00:00,15037,-14.353,66.21,73.54
2019-01-24 08:15:00,15038,-14.471,65.872,73.28
2019-01-24 08:30:00,15039,-15.425,63.795,71.82
2019-01-24 08:45:00,15040,-17.082,60.283,69.39
2019-01-24 09:00:00,15041,-19.194,57.431,67.91
2019-01-24 09:15:00,15042,-21.125,55.151,66.88
2019-01-24 09:30:00,15043,-23.041,53.147,66.12
2019-01-24 09:45:00,15044,-24.709,51.512,65.57
2019-01-24 10:00:00,15045,-26.136,50.269,65.26
2019-01-24 10:15:00,15046,-27.398,49.405,65.21
2019-01-24 10:30:00,15047,-28.598,48.823,65.41
2019-01-24 10:45:00,15048,-29.386,48.383,65.48
2019-01-24 11:00:00,15049,-30.201,48.102,65.73
2019-01-24 11:15:00,15050,-30.902,47.892,65.98
2019-01-24 11:30:00,15051,-31.624,47.786,66.34
2019-01-24 11:45:00,15052,-32.369,47.676,66.72
2019-01-24 12:00:00,15053,-33.139,47.537,67.08
2019-01-24 12:15:00,15054,-33.774,47.47,67.42
2019-01-24 12:30:00,15055,-34.427,47.48,67.86
2019-01-24 12:45:00,15056,-35.015,47.552,68.31
2019-01-24 13:00:00,15057,-35.793,47.489,68.75
2019-01-24 13:15:00,15058,-36.691,47.278,69.13
2019-01-24 13:30:00,15059,-37.249,47.09,69.30
2019-01-24 13:45:00,15060,-37.628,47.139,69.60
2019-01-24 14:00:00,15061,-38.21,47.289,70.13
2019-01-24 14:15:00,15062,-38.408,47.39,70.36
2019-01-24 14:30:00,15063,-38.508,47.453,70.48
2019-01-24 14:45:00,15064,-38.809,47.512,70.74
2019-01-24 15:00:00,15065,-38.708,47.606,70.77
2019-01-24 15:15:00,15066,-38.708,47.684,70.84
2019-01-24 15:30:00,15067,-38.809,47.825,71.05
2019-01-24 15:45:00,15068,-39.012,47.846,71.20
2019-01-24 16:00:00,15069,-39.012,47.69,71.05
2019-01-24 16:15:00,15070,-38.708,47.58,70.74
2019-01-24 16:30:00,15071,-38.21,47.524,70.36
2019-01-24 16:45:00,15072,-37.249,47.615,69.83
2019-01-24 17:00:00,15073,-37.061,47.773,69.86
2019-01-24 17:15:00,15074,-36.876,47.827,69.80
2019-01-24 17:30:00,15075,-35.1,47.961,68.78
2019-01-24 17:45:00,15076,-33.774,47.841,67.79
2019-01-24 18:00:00,15077,-33.774,47.841,67.79
2019-01-24 18:15:00,15078,-32.521,47.734,66.87
2019-01-24 18:30:00,15079,-31.551,47.342,65.85
2019-01-24 18:45:00,15080,-29.927,46.743,64.20
2019-01-24 19:00:00,15081,-28.404,46.173,62.64
2019-01-24 19:15:00,15082,-27.153,46.268,61.92
2019-01-24 19:30:00,15083,-26.849,45.379,60.83
2019-01-24 19:45:00,15084,-26.253,43.888,58.95
2019-01-24 20:00:00,15085,-25.441,42.828,57.36
2019-01-24 20:15:00,15086,-24.988,42.719,56.96
2019-01-24 20:30:00,15087,-23.835,42.111,55.60
2019-01-24 20:45:00,15088,-23.25,42.044,55.16
2019-01-24 21:00:00,15089,-21.716,41.672,53.79
2019-01-24 21:15:00,15090,-20.547,40.992,52.35
2019-01-24 21:30:00,15091,-19.423,39.896,50.52
2019-01-24 21:45:00,15092,-19.607,38.75,49.49
2019-01-24 22:00:00,15093,-19.933,38.654,49.61
2019-01-24 22:15:00,15094,-19.058,39.074,49.46
2019-01-24 22:30:00,15095,-19.839,39.53,50.43
2019-01-24 22:45:00,15096,-19.654,39.321,50.10
2019-01-24 23:00:00,15097,-18.429,39.234,49.21
2019-01-24 23:15:00,15098,-18.474,39.403,49.41
2019-01-24 23:30:00,15099,-17.901,38.919,48.55
2019-01-24 23:45:00,15100,-18.429,38.423,48.40
2019-01-25 00:00:00,15101,-19.012,37.949,48.31
2019-01-25 00:15:00,15102,-18.518,37.54,47.58
2019-01-25 00:30:00,15103,-18.076,37.561,47.31
2019-01-25 00:45:00,15104,-17.77,37.741,47.29
2019-01-25 01:00:00,15105,-16.786,37.56,46.47
2019-01-25 01:15:00,15106,-15.954,37.536,45.91
2019-01-25 01:30:00,15107,-15.996,37.443,45.84
2019-01-25 01:45:00,15108,-16.037,37.38,45.80
2019-01-25 02:00:00,15109,-16.119,37.635,46.11
2019-01-25 02:15:00,15110,-16.037,37.996,46.42
2019-01-25 02:30:00,15111,-15.791,38.346,46.61
2019-01-25 02:45:00,15112,-15.628,38.394,46.55
2019-01-25 03:00:00,15113,-15.547,38.227,46.33
2019-01-25 03:15:00,15114,-15.466,38.002,46.05
2019-01-25 03:30:00,15115,-15.224,37.97,45.87
2019-01-25 03:45:00,15116,-15.305,37.961,45.91
2019-01-25 04:00:00,15117,-15.628,37.895,46.05
2019-01-25 04:15:00,15118,-15.506,38.173,46.25
2019-01-25 04:30:00,15119,-14.865,39.653,47.32
2019-01-25 04:45:00,15120,-14.432,41.104,48.48
2019-01-25 05:00:00,15121,-13.965,41.976,49.05
2019-01-25 05:15:00,15122,-13.849,42.339,49.34
2019-01-25 05:30:00,15123,-13.965,41.481,48.56
2019-01-25 05:45:00,15124,-14.353,39.917,47.25
2019-01-25 06:00:00,15125,-14.12,40.062,47.24
2019-01-25 06:15:00,15126,-14.159,40.817,48.02
2019-01-25 06:30:00,15127,-14.236,41.041,48.29
2019-01-25 06:45:00,15128,-14.353,41.23,48.56
2019-01-25 07:00:00,15129,-14.432,41.337,48.72
2019-01-25 07:15:00,15130,-14.667,41.134,48.67
2019-01-25 07:30:00,15131,-14.865,40.936,48.60
2019-01-25 07:45:00,15132,-15.024,40.596,48.36
2019-01-25 08:00:00,15133,-14.984,40.747,48.49
2019-01-25 08:15:00,15134,-15.425,40.228,48.25
2019-01-25 08:30:00,15135,-16.828,38.928,47.87
2019-01-25 08:45:00,15136,-18.697,37.287,47.44
2019-01-25 09:00:00,15137,-20.499,35.981,47.31
2019-01-25 09:15:00,15138,-22.371,35.197,47.74
2019-01-25 09:30:00,15139,-23.889,34.513,48.04
2019-01-25 09:45:00,15140,-25.441,34.118,48.65
2019-01-25 10:00:00,15141,-26.789,33.746,49.16
2019-01-25 10:15:00,15142,-27.833,33.637,49.73
2019-01-25 10:30:00,15143,-28.469,33.599,50.10
2019-01-25 10:45:00,15144,-29.055,33.68,50.57
2019-01-25 11:00:00,15145,-29.722,33.781,51.10
2019-01-25 11:15:00,15146,-30.34,33.887,51.61
2019-01-25 11:30:00,15147,-30.973,33.99,52.12
2019-01-25 11:45:00,15148,-31.772,34.131,52.78
2019-01-25 12:00:00,15149,-32.674,34.203,53.44
2019-01-25 12:15:00,15150,-33.139,34.378,53.92
2019-01-25 12:30:00,15151,-33.774,34.59,54.54
2019-01-25 12:45:00,15152,-34.262,34.844,55.11
2019-01-25 13:00:00,15153,-34.761,35.208,55.80
2019-01-25 13:15:00,15154,-35.444,35.493,56.53
2019-01-25 13:30:00,15155,-35.881,35.749,57.07
2019-01-25 13:45:00,15156,-36.328,36.031,57.64
2019-01-25 14:00:00,15157,-36.783,36.282,58.19
2019-01-25 14:15:00,15158,-37.061,36.498,58.59
2019-01-25 14:30:00,15159,-37.628,36.871,59.33
2019-01-25 14:45:00,15160,-37.821,37.178,59.76
2019-01-25 15:00:00,15161,-38.015,37.483,60.19
2019-01-25 15:15:00,15162,-38.309,37.611,60.51
2019-01-25 15:30:00,15163,-38.607,37.685,60.78
2019-01-25 15:45:00,15164,-38.508,37.778,60.81
2019-01-25 16:00:00,15165,-38.21,37.896,60.73
2019-01-25 16:15:00,15166,-37.724,38.063,60.58
2019-01-25 16:30:00,15167,-37.155,38.35,60.50
2019-01-25 16:45:00,15168,-36.691,38.843,60.69
2019-01-25 17:00:00,15169,-35.881,39.271,60.59
2019-01-25 17:15:00,15170,-35.185,39.739,60.61
2019-01-25 17:30:00,15171,-34.761,40.12,60.71
2019-01-25 17:45:00,15172,-34.098,40.422,60.59
2019-01-25 18:00:00,15173,-33.454,40.695,60.44
2019-01-25 18:15:00,15174,-32.828,40.911,60.25
2019-01-25 18:30:00,15175,-31.698,41.082,59.69
2019-01-25 18:45:00,15176,-31.045,41.165,59.34
2019-01-25 19:00:00,15177,-30.831,41.11,59.15
2019-01-25 19:15:00,15178,-30.902,40.825,58.91
2019-01-25 19:30:00,15179,-30.76,40.318,58.31
2019-01-25 19:45:00,15180,-30.201,39.833,57.46
2019-01-25 20:00:00,15181,-29.453,39.451,56.60
2019-01-25 20:15:00,15182,-28.469,39.235,55.74
2019-01-25 20:30:00,15183,-27.522,39.012,54.90
2019-01-25 20:45:00,15184,-26.849,38.754,54.21
2019-01-25 21:00:00,15185,-25.441,38.298,52.83
2019-01-25 21:15:00,15186,-24.988,38.123,52.37
2019-01-25 21:30:00,15187,-24.323,37.573,51.38
2019-01-25 21:45:00,15188,-23.997,36.894,50.49
2019-01-25 22:00:00,15189,-23.674,36.211,49.60
2019-01-25 22:15:00,15190,-23.409,35.722,48.94
2019-01-25 22:30:00,15191,-22.885,35.49,48.37
2019-01-25 22:45:00,15192,-22.32,35.435,47.94
2019-01-25 23:00:00,15193,-21.617,35.511,47.56
2019-01-25 23:15:00,15194,-21.37,35.712,47.60
2019-01-25 23:30:00,15195,-21.916,35.74,47.99
2019-01-25 23:45:00,15196,-21.916,35.304,47.55
2019-01-26 00:00:00,15197,-21.816,34.85,47.03
2019-01-26 00:15:00,15198,-21.716,34.452,46.57
2019-01-26 00:30:00,15199,-21.617,34.229,46.28
2019-01-26 00:45:00,15200,-21.125,34.047,45.78
2019-01-26 01:00:00,15201,-20.262,33.96,45.13
2019-01-26 01:15:00,15202,-20.404,34.004,45.27
2019-01-26 01:30:00,15203,-20.547,33.813,45.17
2019-01-26 01:45:00,15204,-20.167,33.618,44.73
2019-01-26 02:00:00,15205,-19.654,33.641,44.42
2019-01-26 02:15:00,15206,-19.469,33.571,44.23
2019-01-26 02:30:00,15207,-19.377,33.522,44.12
2019-01-26 02:45:00,15208,-19.7,33.489,44.29
2019-01-26 03:00:00,15209,-19.7,33.4,44.21
2019-01-26 03:15:00,15210,-19.793,33.538,44.40
2019-01-26 03:30:00,15211,-19.886,33.764,44.69
2019-01-26 03:45:00,15212,-19.933,34.053,45.01
2019-01-26 04:00:00,15213,-19.793,34.361,45.23
2019-01-26 04:15:00,15214,-19.886,34.586,45.51
2019-01-26 04:30:00,15215,-20.073,34.625,45.67
2019-01-26 04:45:00,15216,-20.309,34.659,45.86
2019-01-26 05:00:00,15217,-20.547,34.809,46.16
2019-01-26 05:15:00,15218,-19.607,34.909,45.65
2019-01-26 05:30:00,15219,-20.073,35.064,46.11
2019-01-26 05:45:00,15220,-20.451,34.468,45.76
2019-01-26 06:00:00,15221,-20.786,34.17,45.68
2019-01-26 06:15:00,15222,-21.125,34.105,45.84
2019-01-26 06:30:00,15223,-21.321,34.202,46.06
2019-01-26 06:45:00,15224,-21.617,34.404,46.46
2019-01-26 07:00:00,15225,-21.617,34.55,46.60
2019-01-26 07:15:00,15226,-21.716,34.802,46.92
2019-01-26 07:30:00,15227,-21.916,34.897,47.14
2019-01-26 07:45:00,15228,-22.117,34.905,47.28
2019-01-26 08:00:00,15229,-22.269,34.918,47.39
2019-01-26 08:15:00,15230,-22.524,34.92,47.56
2019-01-26 08:30:00,15231,-22.781,34.776,47.58
2019-01-26 08:45:00,15232,-23.041,34.603,47.58
2019-01-26 09:00:00,15233,-23.462,34.356,47.61
2019-01-26 09:15:00,15234,-23.889,34.079,47.61
2019-01-26 09:30:00,15235,-24.433,33.761,47.64
2019-01-26 09:45:00,15236,-24.988,33.471,47.71
2019-01-26 10:00:00,15237,-25.556,33.21,47.82
2019-01-26 10:15:00,15238,-26.312,32.814,47.92
2019-01-26 10:30:00,15239,-27.46,32.409,48.26
2019-01-26 10:45:00,15240,-28.404,32.284,48.75
2019-01-26 11:00:00,15241,-29.32,32.192,49.25
2019-01-26 11:15:00,15242,-30.619,31.946,49.85
2019-01-26 11:30:00,15243,-32.369,31.57,50.61
2019-01-26 11:45:00,15244,-33.774,31.372,51.33
2019-01-26 12:00:00,15245,-34.93,31.37,52.07
2019-01-26 12:15:00,15246,-35.881,31.557,52.88
2019-01-26 12:30:00,15247,-36.509,31.971,53.70
2019-01-26 12:45:00,15248,-37.155,32.493,54.64
2019-01-26 13:00:00,15249,-37.821,32.953,55.54
2019-01-26 13:15:00,15250,-38.309,33.429,56.33
2019-01-26 13:30:00,15251,-38.809,33.874,57.10
2019-01-26 13:45:00,15252,-39.217,34.271,57.76
2019-01-26 14:00:00,15253,-39.634,34.721,58.48
2019-01-26 14:15:00,15254,-39.952,35.124,59.09
2019-01-26 14:30:00,15255,-40.383,35.54,59.79
2019-01-26 14:45:00,15256,-40.712,35.857,60.32
2019-01-26 15:00:00,15257,-41.16,36.187,60.94
2019-01-26 15:15:00,15258,-41.388,36.486,61.39
2019-01-26 15:30:00,15259,-41.85,36.702,61.90
2019-01-26 15:45:00,15260,-42.085,36.917,62.27
2019-01-26 16:00:00,15261,-42.323,37.078,62.59
2019-01-26 16:15:00,15262,-42.323,37.32,62.83
2019-01-26 16:30:00,15263,-42.564,37.507,63.17
2019-01-26 16:45:00,15264,-42.564,37.695,63.36
2019-01-26 17:00:00,15265,-42.564,37.963,63.63
2019-01-26 17:15:00,15266,-42.564,38.178,63.84
2019-01-26 17:30:00,15267,-42.323,38.449,63.96
2019-01-26 17:45:00,15268,-42.204,38.838,64.27
2019-01-26 18:00:00,15269,-42.085,39.254,64.61
2019-01-26 18:15:00,15270,-41.85,39.684,64.89
2019-01-26 18:30:00,15271,-41.618,40.114,65.17
2019-01-26 18:45:00,15272,-41.388,40.517,65.42
2019-01-26 19:00:00,15273,-41.16,40.919,65.67
2019-01-26 19:15:00,15274,-41.16,41.132,65.89
2019-01-26 19:30:00,15275,-40.712,41.377,65.84
2019-01-26 19:45:00,15276,-39.952,41.637,65.61
2019-01-26 20:00:00,15277,-38.708,42.068,65.23
2019-01-26 20:15:00,15278,-37.533,42.519,64.92
2019-01-26 20:30:00,15279,-36.968,42.996,65.03
2019-01-26 20:45:00,15280,-36.509,43.379,65.11
2019-01-26 21:00:00,15281,-34.098,43.76,63.92
2019-01-26 21:15:00,15282,-31.698,43.299,61.90
2019-01-26 21:30:00,15283,-31.551,43.699,62.21
2019-01-26 21:45:00,15284,-30.831,43.796,61.84
2019-01-26 22:00:00,15285,-29.927,43.672,61.12
2019-01-26 22:15:00,15286,-28.923,43.505,60.30
2019-01-26 22:30:00,15287,-28.923,42.817,59.62
2019-01-26 22:45:00,15288,-29.253,42.278,59.29
2019-01-26 23:00:00,15289,-29.253,41.532,58.55
2019-01-26 23:15:00,15290,-29.253,40.922,57.94
2019-01-26 23:30:00,15291,-28.404,40.361,56.82
2019-01-26 23:45:00,15292,-27.275,40.137,55.87
2019-01-27 00:00:00,15293,-27.092,40.075,55.68
2019-01-27 00:15:00,15294,-27.646,39.783,55.75
2019-01-27 00:30:00,15295,-27.833,39.508,55.60
2019-01-27 00:45:00,15296,-27.522,39.181,55.07
2019-01-27 01:00:00,15297,-27.092,39.007,54.62
2019-01-27 01:15:00,15298,-26.729,38.938,54.31
2019-01-27 01:30:00,15299,-26.609,38.839,54.13
2019-01-27 01:45:00,15300,-26.55,38.649,53.91
2019-01-27 02:00:00,15301,-26.312,38.422,53.52
2019-01-27 02:15:00,15302,-26.194,38.295,53.32
2019-01-27 02:30:00,15303,-26.253,38.259,53.32
2019-01-27 02:45:00,15304,-26.371,38.302,53.44
2019-01-27 03:00:00,15305,-26.371,38.331,53.47
2019-01-27 03:15:00,15306,-26.371,38.359,53.50
2019-01-27 03:30:00,15307,-26.194,38.38,53.41
2019-01-27 03:45:00,15308,-25.96,38.464,53.34
2019-01-27 04:00:00,15309,-26.019,38.655,53.57
2019-01-27 04:15:00,15310,-26.136,38.811,53.80
2019-01-27 04:30:00,15311,-26.077,38.988,53.94
2019-01-27 04:45:00,15312,-26.136,39.235,54.22
2019-01-27 05:00:00,15313,-26.253,39.531,54.60
2019-01-27 05:15:00,15314,-25.844,39.806,54.60
2019-01-27 05:30:00,15315,-26.019,39.785,54.70
2019-01-27 05:45:00,15316,-26.371,39.657,54.80
2019-01-27 06:00:00,15317,-26.669,39.762,55.10
2019-01-27 06:15:00,15318,-26.789,40,55.41
2019-01-27 06:30:00,15319,-26.97,40.286,55.82
2019-01-27 06:45:00,15320,-27.092,40.551,56.16
2019-01-27 07:00:00,15321,-27.275,40.808,56.54
2019-01-27 07:15:00,15322,-27.337,41.136,56.91
2019-01-27 07:30:00,15323,-27.46,41.399,57.25
2019-01-27 07:45:00,15324,-27.584,41.661,57.59
2019-01-27 08:00:00,15325,-27.771,41.999,58.05
2019-01-27 08:15:00,15326,-27.959,42.584,58.76
2019-01-27 08:30:00,15327,-27.959,43.358,59.53
2019-01-27 08:45:00,15328,-27.896,43.807,59.94
2019-01-27 09:00:00,15329,-28.022,43.9,60.11
2019-01-27 09:15:00,15330,-28.213,43.765,60.10
2019-01-27 09:30:00,15331,-28.34,43.555,59.98
2019-01-27 09:45:00,15332,-28.404,43.299,59.76
2019-01-27 10:00:00,15333,-28.469,43.014,59.52
2019-01-27 10:15:00,15334,-28.727,42.539,59.21
2019-01-27 10:30:00,15335,-29.121,41.908,58.84
2019-01-27 10:45:00,15336,-29.79,41.187,58.55
2019-01-27 11:00:00,15337,-30.619,40.419,58.32
2019-01-27 11:15:00,15338,-31.405,39.934,58.35
2019-01-27 11:30:00,15339,-32.219,39.833,58.78
2019-01-27 11:45:00,15340,-32.983,39.848,59.29
2019-01-27 12:00:00,15341,-33.614,39.935,59.78
2019-01-27 12:15:00,15342,-34.017,40.268,60.38
2019-01-27 12:30:00,15343,-34.51,40.806,61.24
2019-01-27 12:45:00,15344,-35.1,41.356,62.17
2019-01-27 13:00:00,15345,-35.618,41.749,62.90
2019-01-27 13:15:00,15346,-36.059,42.07,63.51
2019-01-27 13:30:00,15347,-36.6,42.402,64.19
2019-01-27 13:45:00,15348,-37.061,42.716,64.81
2019-01-27 14:00:00,15349,-37.533,43.027,65.42
2019-01-27 14:15:00,15350,-38.21,43.308,66.14
2019-01-27 14:30:00,15351,-38.91,43.398,66.69
2019-01-27 14:45:00,15352,-39.634,43.352,67.11
2019-01-27 15:00:00,15353,-40.166,43.279,67.39
2019-01-27 15:15:00,15354,-40.602,43.193,67.58
2019-01-27 15:30:00,15355,-40.712,43.151,67.61
2019-01-27 15:45:00,15356,-40.712,43.204,67.67
2019-01-27 16:00:00,15357,-40.166,43.385,67.49
2019-01-27 16:15:00,15358,-39.217,43.674,67.17
2019-01-27 16:30:00,15359,-38.21,44.237,67.07
2019-01-27 16:45:00,15360,-37.249,45.007,67.22
2019-01-27 17:00:00,15361,-36.6,45.735,67.53
2019-01-27 17:15:00,15362,-35.881,46.474,67.80
2019-01-27 17:30:00,15363,-35.1,47.116,67.93
2019-01-27 17:45:00,15364,-34.51,47.785,68.22
2019-01-27 18:00:00,15365,-34.262,48.403,68.67
2019-01-27 18:15:00,15366,-33.936,48.953,69.01
2019-01-27 18:30:00,15367,-33.694,49.463,69.36
2019-01-27 18:45:00,15368,-33.694,49.989,69.89
2019-01-27 19:00:00,15369,-33.936,50.344,70.40
2019-01-27 19:15:00,15370,-34.262,50.502,70.77
2019-01-27 19:30:00,15371,-34.677,50.568,71.11
2019-01-27 19:45:00,15372,-34.761,50.555,71.15
2019-01-27 20:00:00,15373,-35.015,50.645,71.40
2019-01-27 20:15:00,15374,-33.454,50.917,70.66
2019-01-27 20:30:00,15375,-30.831,50.669,68.71
2019-01-27 20:45:00,15376,-28.923,50.673,67.47
2019-01-27 21:00:00,15377,-27.584,51.307,67.24
2019-01-27 21:15:00,15378,-27.092,51.196,66.81
2019-01-27 21:30:00,15379,-26.609,50.789,66.08
2019-01-27 21:45:00,15380,-28.149,50.846,67.14
2019-01-27 22:00:00,15381,-29.386,51.345,68.45
2019-01-27 22:15:00,15382,-29.655,51.541,68.82
2019-01-27 22:30:00,15383,-29.587,51.789,69.02
2019-01-27 22:45:00,15384,-29.253,52.186,69.20
2019-01-27 23:00:00,15385,-28.533,52.644,69.19
2019-01-27 23:15:00,15386,-27.275,53.164,68.89
2019-01-27 23:30:00,15387,-26.019,53.605,68.52
2019-01-27 23:45:00,15388,-25.671,53.741,68.43
2019-01-28 00:00:00,15389,-25.902,53.89,68.73
2019-01-28 00:15:00,15390,-26.253,53.62,68.68
2019-01-28 00:30:00,15391,-26.431,53.379,68.56
2019-01-28 00:45:00,15392,-26.136,53.135,68.12
2019-01-28 01:00:00,15393,-25.844,52.995,67.79
2019-01-28 01:15:00,15394,-24.543,53.096,67.05
2019-01-28 01:30:00,15395,-24.323,53.693,67.50
2019-01-28 01:45:00,15396,-24.051,53.897,67.53
2019-01-28 02:00:00,15397,-22.937,54.185,67.09
2019-01-28 02:15:00,15398,-22.524,54.546,67.19
2019-01-28 02:30:00,15399,-22.575,54.35,67.02
2019-01-28 02:45:00,15400,-22.678,53.689,66.43
2019-01-28 03:00:00,15401,-22.473,53.13,65.74
2019-01-28 03:15:00,15402,-22.473,52.536,65.14
2019-01-28 03:30:00,15403,-22.524,52.149,64.79
2019-01-28 03:45:00,15404,-21.419,51.695,63.62
2019-01-28 04:00:00,15405,-21.518,51.789,63.78
2019-01-28 04:15:00,15406,-21.419,51.75,63.67
2019-01-28 04:30:00,15407,-21.321,51.629,63.49
2019-01-28 04:45:00,15408,-21.617,51.01,63.06
2019-01-28 05:00:00,15409,-21.816,50.707,62.89
2019-01-28 05:15:00,15410,-21.916,50.637,62.88
2019-01-28 05:30:00,15411,-22.067,50.369,62.71
2019-01-28 05:45:00,15412,-22.32,49.811,62.32
2019-01-28 06:00:00,15413,-22.781,49.359,62.17
2019-01-28 06:15:00,15414,-23.198,49.134,62.21
2019-01-28 06:30:00,15415,-23.409,49.157,62.37
2019-01-28 06:45:00,15416,-23.568,49.352,62.67
2019-01-28 07:00:00,15417,-23.674,49.555,62.94
2019-01-28 07:15:00,15418,-23.728,49.71,63.13
2019-01-28 07:30:00,15419,-23.889,49.768,63.30
2019-01-28 07:45:00,15420,-23.943,49.787,63.35
2019-01-28 08:00:00,15421,-23.781,50.002,63.46
2019-01-28 08:15:00,15422,-23.889,49.959,63.49
2019-01-28 08:30:00,15423,-24.765,49.447,63.54
2019-01-28 08:45:00,15424,-25.327,48.793,63.26
2019-01-28 09:00:00,15425,-25.441,48.613,63.15
2019-01-28 09:15:00,15426,-25.556,48.596,63.21
2019-01-28 09:30:00,15427,-26.136,48.565,63.55
2019-01-28 09:45:00,15428,-26.49,48.323,63.54
2019-01-28 10:00:00,15429,-26.97,48.307,63.84
2019-01-28 10:15:00,15430,-27.646,48.343,64.31
2019-01-28 10:30:00,15431,-28.34,48.053,64.47
2019-01-28 10:45:00,15432,-28.989,47.769,64.61
2019-01-28 11:00:00,15433,-29.32,47.532,64.59
2019-01-28 11:15:00,15434,-29.79,47.275,64.64
2019-01-28 11:30:00,15435,-29.995,47.192,64.69
2019-01-28 11:45:00,15436,-30.27,47.313,64.99
2019-01-28 12:00:00,15437,-30.69,47.467,65.42
2019-01-28 12:15:00,15438,-31.045,47.764,65.94
2019-01-28 12:30:00,15439,-31.845,48.233,66.93
2019-01-28 12:45:00,15440,-32.828,48.618,67.96
2019-01-28 13:00:00,15441,-33.614,48.843,68.69
2019-01-28 13:15:00,15442,-34.18,49.074,69.29
2019-01-28 13:30:00,15443,-34.593,49.168,69.65
2019-01-28 13:45:00,15444,-35.1,49.091,69.91
2019-01-28 14:00:00,15445,-35.444,48.96,70.00
2019-01-28 14:15:00,15446,-35.531,48.973,70.07
2019-01-28 14:30:00,15447,-35.444,49.248,70.29
2019-01-28 14:45:00,15448,-35.444,49.666,70.70
2019-01-28 15:00:00,15449,-35.618,50.134,71.29
2019-01-28 15:15:00,15450,-35.705,50.692,71.90
2019-01-28 15:30:00,15451,-35.618,51.173,72.32
2019-01-28 15:45:00,15452,-35.618,51.665,72.82
2019-01-28 16:00:00,15453,-35.444,52.003,73.04
2019-01-28 16:15:00,15454,-35.444,52.054,73.09
2019-01-28 16:30:00,15455,-35.357,52.171,73.15
2019-01-28 16:45:00,15456,-35.444,52.183,73.22
2019-01-28 17:00:00,15457,-35.444,52.106,73.14
2019-01-28 17:15:00,15458,-35.444,51.951,72.99
2019-01-28 17:30:00,15459,-35.271,51.901,72.83
2019-01-28 17:45:00,15460,-35.1,51.774,72.59
2019-01-28 18:00:00,15461,-34.93,51.697,72.40
2019-01-28 18:15:00,15462,-34.761,51.621,72.22
2019-01-28 18:30:00,15463,-34.677,51.504,72.04
2019-01-28 18:45:00,15464,-34.593,51.388,71.87
2019-01-28 19:00:00,15465,-34.345,51.298,71.62
2019-01-28 19:15:00,15466,-34.18,51.167,71.38
2019-01-28 19:30:00,15467,-33.774,51.101,71.05
2019-01-28 19:45:00,15468,-32.674,50.698,69.94
2019-01-28 20:00:00,15469,-32.674,50.488,69.73
2019-01-28 20:15:00,15470,-32.751,50.318,69.61
2019-01-28 20:30:00,15471,-32.598,50.211,69.40
2019-01-28 20:45:00,15472,-32.445,50.103,69.19
2019-01-28 21:00:00,15473,-32.294,50.1,69.09
2019-01-28 21:15:00,15474,-32.143,50.149,69.04
2019-01-28 21:30:00,15475,-31.551,50.161,68.67
2019-01-28 21:45:00,15476,-30.973,50.25,68.38
2019-01-28 22:00:00,15477,-30.973,50.594,68.73
2019-01-28 22:15:00,15478,-31.188,50.904,69.18
2019-01-28 22:30:00,15479,-30.902,51.186,69.27
2019-01-28 22:45:00,15480,-30.132,51.677,69.26
2019-01-28 23:00:00,15481,-29.055,52.244,69.13
2019-01-28 23:15:00,15482,-28.598,52.819,69.41
2019-01-28 23:30:00,15483,-27.771,53.057,69.11
2019-01-28 23:45:00,15484,-27.833,53.391,69.48
2019-01-29 00:00:00,15485,-26.849,53.55,69.00
2019-01-29 00:15:00,15486,-26.136,53.666,68.65
2019-01-29 00:30:00,15487,-25.902,53.651,68.49
2019-01-29 00:45:00,15488,-25.844,53.501,68.30
2019-01-29 01:00:00,15489,-25.498,53.343,67.92
2019-01-29 01:15:00,15490,-25.101,53.381,67.70
2019-01-29 01:30:00,15491,-25.045,53.47,67.75
2019-01-29 01:45:00,15492,-25.045,53.416,67.70
2019-01-29 02:00:00,15493,-25.101,53.461,67.78
2019-01-29 02:15:00,15494,-24.876,53.87,68.04
2019-01-29 02:30:00,15495,-24.433,54.581,68.46
2019-01-29 02:45:00,15496,-24.214,55.096,68.84
2019-01-29 03:00:00,15497,-24.16,55.317,69.02
2019-01-29 03:15:00,15498,-24.16,55.131,68.84
2019-01-29 03:30:00,15499,-23.997,54.866,68.46
2019-01-29 03:45:00,15500,-23.621,54.954,68.31
2019-01-29 04:00:00,15501,-23.462,55.087,68.34
2019-01-29 04:15:00,15502,-23.356,55.105,68.29
2019-01-29 04:30:00,15503,-23.356,55.238,68.42
2019-01-29 04:45:00,15504,-23.25,55.149,68.26
2019-01-29 05:00:00,15505,-23.25,54.989,68.10
2019-01-29 05:15:00,15506,-23.145,55.033,68.08
2019-01-29 05:30:00,15507,-23.145,55.459,68.50
2019-01-29 05:45:00,15508,-23.356,56.088,69.27
2019-01-29 06:00:00,15509,-23.568,56.477,69.80
2019-01-29 06:15:00,15510,-23.674,56.697,70.09
2019-01-29 06:30:00,15511,-23.568,57.137,70.46
2019-01-29 06:45:00,15512,-23.515,57.542,70.83
2019-01-29 07:00:00,15513,-23.409,57.692,70.91
2019-01-29 07:15:00,15514,-23.145,57.816,70.86
2019-01-29 07:30:00,15515,-23.409,57.85,71.07
2019-01-29 07:45:00,15516,-23.25,57.798,70.91
2019-01-29 08:00:00,15517,-22.937,57.694,70.60
2019-01-29 08:15:00,15518,-22.833,57.554,70.40
2019-01-29 08:30:00,15519,-22.937,57.325,70.23
2019-01-29 08:45:00,15520,-23.145,57.183,70.23
2019-01-29 09:00:00,15521,-23.462,57.314,70.56
2019-01-29 09:15:00,15522,-23.568,57.559,70.88
2019-01-29 09:30:00,15523,-23.568,57.822,71.14
2019-01-29 09:45:00,15524,-23.674,58.171,71.56
2019-01-29 10:00:00,15525,-23.621,58.443,71.80
2019-01-29 10:15:00,15526,-23.568,58.741,72.06
2019-01-29 10:30:00,15527,-23.462,59.1,72.35
2019-01-29 10:45:00,15528,-23.515,59.456,72.74
2019-01-29 11:00:00,15529,-23.674,59.74,73.13
2019-01-29 11:15:00,15530,-23.835,59.972,73.46
2019-01-29 11:30:00,15531,-23.997,60.15,73.75
2019-01-29 11:45:00,15532,-24.214,60.293,74.03
2019-01-29 12:00:00,15533,-24.269,60.387,74.16
2019-01-29 12:15:00,15534,-24.323,60.532,74.34
2019-01-29 12:30:00,15535,-24.765,60.658,74.76
2019-01-29 12:45:00,15536,-25.327,60.607,75.07
2019-01-29 13:00:00,15537,-25.786,60.472,75.23
2019-01-29 13:15:00,15538,-26.019,60.455,75.37
2019-01-29 13:30:00,15539,-26.136,60.511,75.50
2019-01-29 13:45:00,15540,-26.253,60.592,75.66
2019-01-29 14:00:00,15541,-26.312,60.787,75.89
2019-01-29 14:15:00,15542,-26.371,60.981,76.12
2019-01-29 14:30:00,15543,-26.431,61.072,76.25
2019-01-29 14:45:00,15544,-26.371,61.083,76.22
2019-01-29 15:00:00,15545,-26.371,61.134,76.28
2019-01-29 15:15:00,15546,-26.253,61.208,76.27
2019-01-29 15:30:00,15547,-26.136,61.383,76.37
2019-01-29 15:45:00,15548,-26.136,61.511,76.50
2019-01-29 16:00:00,15549,-26.077,61.599,76.55
2019-01-29 16:15:00,15550,-26.019,61.558,76.47
2019-01-29 16:30:00,15551,-26.019,61.507,76.42
2019-01-29 16:45:00,15552,-26.077,61.547,76.50
2019-01-29 17:00:00,15553,-26.136,61.562,76.55
2019-01-29 17:15:00,15554,-26.136,61.613,76.60
2019-01-29 17:30:00,15555,-26.136,61.69,76.68
2019-01-29 17:45:00,15556,-26.077,61.803,76.75
2019-01-29 18:00:00,15557,-25.96,61.927,76.80
2019-01-29 18:15:00,15558,-25.844,62.102,76.90
2019-01-29 18:30:00,15559,-25.728,62.175,76.90
2019-01-29 18:45:00,15560,-25.671,62.135,76.82
2019-01-29 19:00:00,15561,-25.101,62.063,76.38
2019-01-29 19:15:00,15562,-25.27,61.851,76.28
2019-01-29 19:30:00,15563,-25.556,61.721,76.33
2019-01-29 19:45:00,15564,-25.671,61.521,76.21
2019-01-29 20:00:00,15565,-25.556,61.388,76.00
2019-01-29 20:15:00,15566,-24.988,61.313,75.56
2019-01-29 20:30:00,15567,-24.433,61.442,75.32
2019-01-29 20:45:00,15568,-23.674,61.685,75.07
2019-01-29 21:00:00,15569,-23.25,61.945,75.06
2019-01-29 21:15:00,15570,-23.198,62.135,75.21
2019-01-29 21:30:00,15571,-22.833,62.048,74.89
2019-01-29 21:45:00,15572,-22.422,61.995,74.57
2019-01-29 22:00:00,15573,-21.816,61.978,74.16
2019-01-29 22:15:00,15574,-21.125,62.184,73.92
2019-01-29 22:30:00,15575,-21.125,62.392,74.12
2019-01-29 22:45:00,15576,-20.595,62.256,73.64
2019-01-29 23:00:00,15577,-19.979,62.265,73.25
2019-01-29 23:15:00,15578,-19.7,62.5,73.31
2019-01-29 23:30:00,15579,-19.285,62.655,73.19
2019-01-29 23:45:00,15580,-18.877,62.993,73.26
2019-01-30 00:00:00,15581,-18.563,63.182,73.25
2019-01-30 00:15:00,15582,-18.164,63.205,73.01
2019-01-30 00:30:00,15583,-17.944,63.193,72.86
2019-01-30 00:45:00,15584,-17.857,63.183,72.79
2019-01-30 01:00:00,15585,-17.467,63.072,72.43
2019-01-30 01:15:00,15586,-16.912,62.859,71.85
2019-01-30 01:30:00,15587,-16.87,62.867,71.83
2019-01-30 01:45:00,15588,-16.702,62.423,71.28
2019-01-30 02:00:00,15589,-16.66,61.98,70.81
2019-01-30 02:15:00,15590,-16.786,61.48,70.39
2019-01-30 02:30:00,15591,-16.618,60.979,69.78
2019-01-30 02:45:00,15592,-16.119,60.748,69.23
2019-01-30 03:00:00,15593,-15.832,60.612,68.90
2019-01-30 03:15:00,15594,-15.873,59.935,68.25
2019-01-30 03:30:00,15595,-15.628,59.091,67.25
2019-01-30 03:45:00,15596,-15.425,58.153,66.18
2019-01-30 04:00:00,15597,-14.984,57.658,65.40
2019-01-30 04:15:00,15598,-14.786,56.901,64.51
2019-01-30 04:30:00,15599,-14.51,55.989,63.42
2019-01-30 04:45:00,15600,-14.197,55.436,62.66
2019-01-30 05:00:00,15601,-14.081,54.655,61.81
2019-01-30 05:15:00,15602,-13.965,53.899,60.98
2019-01-30 05:30:00,15603,-14.12,52.792,59.97
2019-01-30 05:45:00,15604,-14.432,51.936,59.32
2019-01-30 06:00:00,15605,-14.984,51.155,58.89
2019-01-30 06:15:00,15606,-14.984,50.903,58.64
2019-01-30 06:30:00,15607,-14.865,50.977,58.64
2019-01-30 06:45:00,15608,-14.667,50.95,58.48
2019-01-30 07:00:00,15609,-14.589,50.738,58.22
2019-01-30 07:15:00,15610,-14.667,50.39,57.92
2019-01-30 07:30:00,15611,-15.064,49.63,57.42
2019-01-30 07:45:00,15612,-15.144,49.478,57.32
2019-01-30 08:00:00,15613,-16.451,49.345,58.04
2019-01-30 08:15:00,15614,-17.51,49.414,58.80
2019-01-30 08:30:00,15615,-18.296,50.188,60.08
2019-01-30 08:45:00,15616,-18.877,51.179,61.45
2019-01-30 09:00:00,15617,-19.285,52.188,62.72
2019-01-30 09:15:00,15618,-19.515,53.027,63.71
2019-01-30 09:30:00,15619,-19.423,53.859,64.48
2019-01-30 09:45:00,15620,-19.194,54.71,65.19
2019-01-30 10:00:00,15621,-19.149,55.259,65.71
2019-01-30 10:15:00,15622,-19.331,55.499,66.06
2019-01-30 10:30:00,15623,-19.24,55.379,65.89
2019-01-30 10:45:00,15624,-18.697,55.251,65.40
2019-01-30 11:00:00,15625,-19.423,55.106,65.73
2019-01-30 11:15:00,15626,-20.214,54.761,65.90
2019-01-30 11:30:00,15627,-20.835,54.633,66.18
2019-01-30 11:45:00,15628,-21.518,54.764,66.75
2019-01-30 12:00:00,15629,-22.117,55.068,67.44
2019-01-30 12:15:00,15630,-22.833,55.591,68.43
2019-01-30 12:30:00,15631,-23.356,56.168,69.35
2019-01-30 12:45:00,15632,-23.781,56.731,70.19
2019-01-30 13:00:00,15633,-24.105,57.282,70.95
2019-01-30 13:15:00,15634,-24.433,57.724,71.61
2019-01-30 13:30:00,15635,-24.709,58.148,72.21
2019-01-30 13:45:00,15636,-24.932,58.552,72.76
2019-01-30 14:00:00,15637,-25.157,58.929,73.28
2019-01-30 14:15:00,15638,-25.327,59.211,73.67
2019-01-30 14:30:00,15639,-25.613,59.444,74.09
2019-01-30 14:45:00,15640,-25.902,59.625,74.46
2019-01-30 15:00:00,15641,-26.253,59.768,74.83
2019-01-30 15:15:00,15642,-26.669,59.873,75.21
2019-01-30 15:30:00,15643,-27.214,59.929,75.62
2019-01-30 15:45:00,15644,-27.708,59.941,75.95
2019-01-30 16:00:00,15645,-28.213,59.926,76.26
2019-01-30 16:15:00,15646,-28.858,59.86,76.62
2019-01-30 16:30:00,15647,-29.453,59.776,76.92
2019-01-30 16:45:00,15648,-29.858,59.728,77.14
2019-01-30 17:00:00,15649,-30.063,59.614,77.15
2019-01-30 17:15:00,15650,-30.201,59.563,77.19
2019-01-30 17:30:00,15651,-30.34,59.437,77.16
2019-01-30 17:45:00,15652,-30.549,59.221,77.08
2019-01-30 18:00:00,15653,-30.69,59.043,76.99
2019-01-30 18:15:00,15654,-30.76,58.852,76.85
2019-01-30 18:30:00,15655,-30.76,58.648,76.64
2019-01-30 18:45:00,15656,-30.549,58.431,76.29
2019-01-30 19:00:00,15657,-30.201,58.238,75.87
2019-01-30 19:15:00,15658,-29.858,58.043,75.45
2019-01-30 19:30:00,15659,-29.587,57.809,75.04
2019-01-30 19:45:00,15660,-29.453,57.601,74.75
2019-01-30 20:00:00,15661,-29.253,57.378,74.39
2019-01-30 20:15:00,15662,-27.771,57.197,73.25
2019-01-30 20:30:00,15663,-27.771,57.145,73.20
2019-01-30 20:45:00,15664,-28.598,57.183,73.77
2019-01-30 21:00:00,15665,-28.989,56.753,73.60
2019-01-30 21:15:00,15666,-28.989,56.468,73.31
2019-01-30 21:30:00,15667,-27.46,56.105,71.95
2019-01-30 21:45:00,15668,-26.49,56.323,71.54
2019-01-30 22:00:00,15669,-25.786,56.6,71.36
2019-01-30 22:15:00,15670,-25.498,56.754,71.33
2019-01-30 22:30:00,15671,-25.671,56.908,71.59
2019-01-30 22:45:00,15672,-25.214,56.855,71.24
2019-01-30 23:00:00,15673,-24.876,57.018,71.19
2019-01-30 23:15:00,15674,-24.988,57.051,71.29
2019-01-30 23:30:00,15675,-24.433,57.015,70.90
2019-01-30 23:45:00,15676,-24.214,57.026,70.77
2019-01-31 00:00:00,15677,-23.781,57.021,70.48
2019-01-31 00:15:00,15678,-22.937,57.007,69.92
2019-01-31 00:30:00,15679,-23.145,57.051,70.10
2019-01-31 00:45:00,15680,-22.473,56.689,69.30
2019-01-31 01:00:00,15681,-21.916,56.517,68.76
2019-01-31 01:15:00,15682,-21.816,56.587,68.77
2019-01-31 01:30:00,15683,-21.028,56.266,67.93
2019-01-31 01:45:00,15684,-20.309,56.091,67.29
2019-01-31 02:00:00,15685,-19.515,55.442,66.13
2019-01-31 02:15:00,15686,-19.886,54.517,65.44
2019-01-31 02:30:00,15687,-20.595,53.916,65.30
2019-01-31 02:45:00,15688,-21.077,53.405,65.11
2019-01-31 03:00:00,15689,-21.125,52.964,64.70
2019-01-31 03:15:00,15690,-20.835,52.983,64.53
2019-01-31 03:30:00,15691,-21.272,52.914,64.74
2019-01-31 03:45:00,15692,-20.738,52.835,64.31
2019-01-31 04:00:00,15693,-20.451,53.261,64.55
2019-01-31 04:15:00,15694,-20.262,53.291,64.46
2019-01-31 04:30:00,15695,-20.12,52.987,64.07
2019-01-31 04:45:00,15696,-19.839,52.867,63.76
2019-01-31 05:00:00,15697,-19.561,52.72,63.43
2019-01-31 05:15:00,15698,-19.515,52.536,63.22
2019-01-31 05:30:00,15699,-19.515,52.344,63.03
2019-01-31 05:45:00,15700,-19.793,52.192,63.06
2019-01-31 06:00:00,15701,-19.793,51.918,62.78
2019-01-31 06:15:00,15702,-19.654,51.885,62.66
2019-01-31 06:30:00,15703,-19.793,51.754,62.62
2019-01-31 06:45:00,15704,-19.746,51.569,62.40
2019-01-31 07:00:00,15705,-19.839,51.418,62.31
2019-01-31 07:15:00,15706,-19.793,51.452,62.32
2019-01-31 07:30:00,15707,-19.7,51.467,62.27
2019-01-31 07:45:00,15708,-19.746,51.514,62.35
2019-01-31 08:00:00,15709,-19.886,51.603,62.53
2019-01-31 08:15:00,15710,-20.073,51.656,62.70
2019-01-31 08:30:00,15711,-20.262,51.655,62.83
2019-01-31 08:45:00,15712,-20.595,51.522,62.91
2019-01-31 09:00:00,15713,-21.077,51.502,63.20
2019-01-31 09:15:00,15714,-21.617,51.529,63.58
2019-01-31 09:30:00,15715,-22.371,51.522,64.06
2019-01-31 09:45:00,15716,-22.989,51.725,64.67
2019-01-31 10:00:00,15717,-23.462,52.111,65.36
2019-01-31 10:15:00,15718,-23.943,52.655,66.22
2019-01-31 10:30:00,15719,-24.433,53.381,67.26
2019-01-31 10:45:00,15720,-24.821,54.092,68.23
2019-01-31 11:00:00,15721,-25.214,54.745,69.13
2019-01-31 11:15:00,15722,-25.556,55.323,69.93
2019-01-31 11:30:00,15723,-25.902,55.819,70.66
2019-01-31 11:45:00,15724,-26.253,56.179,71.24
2019-01-31 12:00:00,15725,-26.609,56.538,71.83
2019-01-31 12:15:00,15726,-26.97,56.867,72.40
2019-01-31 12:30:00,15727,-27.337,57.169,72.94
2019-01-31 12:45:00,15728,-27.708,57.416,73.43
2019-01-31 13:00:00,15729,-28.086,57.583,73.84
2019-01-31 13:15:00,15730,-28.469,57.722,74.23
2019-01-31 13:30:00,15731,-28.858,57.834,74.59
2019-01-31 13:45:00,15732,-29.187,57.931,74.90
2019-01-31 14:00:00,15733,-29.52,58.052,75.24
2019-01-31 14:15:00,15734,-29.927,58.108,75.56
2019-01-31 14:30:00,15735,-30.27,58.174,75.85
2019-01-31 14:45:00,15736,-30.619,58.215,76.12
2019-01-31 15:00:00,15737,-30.973,58.228,76.36
2019-01-31 15:15:00,15738,-31.333,58.215,76.58
2019-01-31 15:30:00,15739,-31.624,58.239,76.79
2019-01-31 15:45:00,15740,-31.92,58.237,76.99
2019-01-31 16:00:00,15741,-32.219,58.285,77.23
2019-01-31 16:15:00,15742,-32.521,58.306,77.44
2019-01-31 16:30:00,15743,-32.828,58.302,77.64
2019-01-31 16:45:00,15744,-32.983,58.324,77.76
2019-01-31 17:00:00,15745,-33.296,58.293,77.94
2019-01-31 17:15:00,15746,-33.454,58.265,78.01
2019-01-31 17:30:00,15747,-33.614,58.236,78.09
2019-01-31 17:45:00,15748,-33.774,58.232,78.19
2019-01-31 18:00:00,15749,-33.774,58.283,78.24
2019-01-31 18:15:00,15750,-33.774,58.333,78.29
2019-01-31 18:30:00,15751,-33.614,58.412,78.26
2019-01-31 18:45:00,15752,-33.454,58.567,78.31
2019-01-31 19:00:00,15753,-33.375,58.632,78.33
2019-01-31 19:15:00,15754,-33.139,58.725,78.27
2019-01-31 19:30:00,15755,-32.983,58.854,78.29
2019-01-31 19:45:00,15756,-32.828,58.908,78.25
2019-01-31 20:00:00,15757,-32.521,58.938,78.08
2019-01-31 20:15:00,15758,-32.369,58.941,77.98
2019-01-31 20:30:00,15759,-32.143,58.881,77.77
2019-01-31 20:45:00,15760,-31.845,58.833,77.53
2019-01-31 21:00:00,15761,-31.624,58.772,77.33
2019-01-31 21:15:00,15762,-31.333,58.672,77.04
2019-01-31 21:30:00,15763,-31.188,58.571,76.84
2019-01-31 21:45:00,15764,-30.902,58.495,76.58
2019-01-31 22:00:00,15765,-30.619,58.419,76.32
2019-01-31 22:15:00,15766,-30.27,58.328,76.00
2019-01-31 22:30:00,15767,-29.927,58.261,75.71
2019-01-31 22:45:00,15768,-29.587,58.168,75.40
2019-01-31 23:00:00,15769,-29.253,58.022,75.04
2019-01-31 23:15:00,15770,-28.858,57.937,74.69
2019-01-31 23:30:00,15771,-28.598,57.803,74.39
2019-01-31 23:45:00,15772,-28.34,57.719,74.14
2019-02-01 00:00:00,15773,-27.959,57.631,73.80
2019-02-01 00:15:00,15774,-27.646,57.582,73.55
2019-02-01 00:30:00,15775,-27.275,57.517,73.25
2019-02-01 00:45:00,15776,-26.91,57.477,72.97
2019-02-01 01:00:00,15777,-26.49,57.446,72.66
2019-02-01 01:15:00,15778,-26.019,57.528,72.44
2019-02-01 01:30:00,15779,-25.613,57.624,72.27
2019-02-01 01:45:00,15780,-25.214,57.72,72.11
2019-02-01 02:00:00,15781,-24.765,57.772,71.87
2019-02-01 02:15:00,15782,-24.488,57.82,71.74
2019-02-01 02:30:00,15783,-24.105,57.808,71.48
2019-02-01 02:45:00,15784,-23.781,57.785,71.24
2019-02-01 03:00:00,15785,-23.568,57.717,71.04
2019-02-01 03:15:00,15786,-23.303,57.605,70.75
2019-02-01 03:30:00,15787,-23.041,57.465,70.44
2019-02-01 03:45:00,15788,-22.729,57.307,70.08
2019-02-01 04:00:00,15789,-22.524,57.078,69.72
2019-02-01 04:15:00,15790,-22.269,56.856,69.33
2019-02-01 04:30:00,15791,-22.218,56.599,69.04
2019-02-01 04:45:00,15792,-22.117,56.297,68.67
2019-02-01 05:00:00,15793,-22.016,55.94,68.25
2019-02-01 05:15:00,15794,-21.866,55.698,67.91
2019-02-01 05:30:00,15795,-21.419,55.451,67.37
2019-02-01 05:45:00,15796,-21.321,55.387,67.25
2019-02-01 06:00:00,15797,-21.321,55.333,67.19
2019-02-01 06:15:00,15798,-21.272,55.1,66.93
2019-02-01 06:30:00,15799,-21.223,54.705,66.50
2019-02-01 06:45:00,15800,-21.223,54.247,66.04
2019-02-01 07:00:00,15801,-21.272,53.888,65.71
2019-02-01 07:15:00,15802,-21.174,53.498,65.26
2019-02-01 07:30:00,15803,-21.223,53.166,64.96
2019-02-01 07:45:00,15804,-21.518,52.848,64.83
2019-02-01 08:00:00,15805,-21.866,52.523,64.74
2019-02-01 08:15:00,15806,-22.575,52.438,65.11
2019-02-01 08:30:00,15807,-23.198,52.449,65.53
2019-02-01 08:45:00,15808,-23.728,52.796,66.22
2019-02-01 09:00:00,15809,-24.051,53.335,66.97
2019-02-01 09:15:00,15810,-24.323,53.933,67.74
2019-02-01 09:30:00,15811,-24.323,54.599,68.41
2019-02-01 09:45:00,15812,-23.835,55.928,69.42
2019-02-01 10:00:00,15813,-23.356,57.648,70.83
2019-02-01 10:15:00,15814,-22.937,58.615,71.52
2019-02-01 10:30:00,15815,-22.937,58.72,71.63
2019-02-01 10:45:00,15816,-23.462,57.972,71.22
2019-02-01 11:00:00,15817,-24.433,56.805,70.69
2019-02-01 11:15:00,15818,-25.327,55.915,70.38
2019-02-01 11:30:00,15819,-26.019,55.299,70.21
2019-02-01 11:45:00,15820,-26.669,54.98,70.31
2019-02-01 12:00:00,15821,-27.275,54.826,70.55
2019-02-01 12:15:00,15822,-27.771,54.744,70.80
2019-02-01 12:30:00,15823,-28.34,54.597,71.02
2019-02-01 12:45:00,15824,-28.858,54.511,71.27
2019-02-01 13:00:00,15825,-29.52,54.401,71.59
2019-02-01 13:15:00,15826,-30.132,54.351,71.94
2019-02-01 13:30:00,15827,-30.549,54.464,72.32
2019-02-01 13:45:00,15828,-31.045,54.589,72.77
2019-02-01 14:00:00,15829,-31.405,54.71,73.12
2019-02-01 14:15:00,15830,-31.772,54.83,73.48
2019-02-01 14:30:00,15831,-32.069,55.012,73.86
2019-02-01 14:45:00,15832,-32.369,55.141,74.18
2019-02-01 15:00:00,15833,-32.598,55.257,74.45
2019-02-01 15:15:00,15834,-32.751,55.41,74.70
2019-02-01 15:30:00,15835,-32.983,55.55,74.99
2019-02-01 15:45:00,15836,-33.218,55.664,75.26
2019-02-01 16:00:00,15837,-33.454,55.827,75.57
2019-02-01 16:15:00,15838,-33.614,56.055,75.90
2019-02-01 16:30:00,15839,-33.774,56.256,76.21
2019-02-01 16:45:00,15840,-33.855,56.395,76.40
2019-02-01 17:00:00,15841,-34.098,56.48,76.64
2019-02-01 17:15:00,15842,-34.262,56.578,76.85
2019-02-01 17:30:00,15843,-34.427,56.65,77.03
2019-02-01 17:45:00,15844,-34.593,56.646,77.13
2019-02-01 18:00:00,15845,-34.761,56.617,77.21
2019-02-01 18:15:00,15846,-34.761,56.617,77.21
2019-02-01 18:30:00,15847,-34.761,56.642,77.24
2019-02-01 18:45:00,15848,-34.761,56.693,77.29
2019-02-01 19:00:00,15849,-34.593,56.824,77.31
2019-02-01 19:15:00,15850,-34.427,56.954,77.33
2019-02-01 19:30:00,15851,-34.262,57.084,77.35
2019-02-01 19:45:00,15852,-33.936,57.218,77.28
2019-02-01 20:00:00,15853,-33.614,57.377,77.23
2019-02-01 20:15:00,15854,-33.218,57.523,77.11
2019-02-01 20:30:00,15855,-32.906,57.629,77.02
2019-02-01 20:45:00,15856,-32.521,57.672,76.81
2019-02-01 21:00:00,15857,-32.143,57.765,76.66
2019-02-01 21:15:00,15858,-31.772,57.805,76.46
2019-02-01 21:30:00,15859,-31.333,57.807,76.17
2019-02-01 21:45:00,15860,-30.902,57.807,75.89
2019-02-01 22:00:00,15861,-30.479,57.83,75.64
2019-02-01 22:15:00,15862,-30.063,57.801,75.34
2019-02-01 22:30:00,15863,-29.655,57.771,75.05
2019-02-01 22:45:00,15864,-29.386,57.767,74.87
2019-02-01 23:00:00,15865,-28.989,57.683,74.53
2019-02-01 23:15:00,15866,-28.469,57.619,74.12
2019-02-01 23:30:00,15867,-27.959,57.579,73.75
2019-02-01 23:45:00,15868,-27.584,57.593,73.52
2019-02-02 00:00:00,15869,-27.214,57.554,73.24
2019-02-02 00:15:00,15870,-26.849,57.487,72.94
2019-02-02 00:30:00,15871,-26.49,57.446,72.66
2019-02-02 00:45:00,15872,-26.136,57.403,72.39
2019-02-02 01:00:00,15873,-25.786,57.359,72.12
2019-02-02 01:15:00,15874,-25.27,57.37,71.80
2019-02-02 01:30:00,15875,-24.709,57.467,71.53
2019-02-02 01:45:00,15876,-24.16,57.588,71.29
2019-02-02 02:00:00,15877,-23.674,57.698,71.09
2019-02-02 02:15:00,15878,-23.25,57.719,70.83
2019-02-02 02:30:00,15879,-22.781,57.721,70.53
2019-02-02 02:45:00,15880,-22.269,57.809,70.28
2019-02-02 03:00:00,15881,-21.716,57.799,69.91
2019-02-02 03:15:00,15882,-21.321,57.761,69.62
2019-02-02 03:30:00,15883,-20.931,57.509,69.11
2019-02-02 03:45:00,15884,-20.642,57.372,68.79
2019-02-02 04:00:00,15885,-19.979,57.031,68.02
2019-02-02 04:15:00,15886,-19.423,56.91,67.53
2019-02-02 04:30:00,15887,-19.194,56.384,66.86
2019-02-02 04:45:00,15888,-19.103,55.537,65.95
2019-02-02 05:00:00,15889,-19.149,54.69,65.14
2019-02-02 05:15:00,15890,-19.24,53.942,64.45
2019-02-02 05:30:00,15891,-19.331,53.383,63.95
2019-02-02 05:45:00,15892,-19.331,53.083,63.65
2019-02-02 06:00:00,15893,-15.385,52.624,60.62
2019-02-02 06:15:00,15894,-12.38,57.686,63.73
2019-02-02 06:30:00,15895,-11.867,60.53,66.24
2019-02-02 06:45:00,15896,-11.794,61.6,67.27
2019-02-02 07:00:00,15897,-12.013,61.912,67.72
2019-02-02 07:15:00,15898,-12.306,61.778,67.78
2019-02-02 07:30:00,15899,-12.676,61.416,67.66
2019-02-02 07:45:00,15900,-13.05,61.052,67.53
2019-02-02 08:00:00,15901,-13.466,60.709,67.46
2019-02-02 08:15:00,15902,-13.849,60.453,67.45
2019-02-02 08:30:00,15903,-14.275,60.216,67.49
2019-02-02 08:45:00,15904,-14.667,60.039,67.57
2019-02-02 09:00:00,15905,-15.144,59.821,67.66
2019-02-02 09:15:00,15906,-15.587,59.636,67.77
2019-02-02 09:30:00,15907,-16.037,59.477,67.90
2019-02-02 09:45:00,15908,-16.451,59.324,68.02
2019-02-02 10:00:00,15909,-16.87,59.198,68.16
2019-02-02 10:15:00,15910,-17.295,59.07,68.31
2019-02-02 10:30:00,15911,-17.64,58.984,68.45
2019-02-02 10:45:00,15912,-18.164,58.919,68.73
2019-02-02 11:00:00,15913,-18.607,58.895,68.99
2019-02-02 11:15:00,15914,-19.103,58.809,69.23
2019-02-02 11:30:00,15915,-19.654,58.607,69.38
2019-02-02 11:45:00,15916,-20.214,58.377,69.52
2019-02-02 12:00:00,15917,-20.738,58.127,69.61
2019-02-02 12:15:00,15918,-21.272,57.875,69.70
2019-02-02 12:30:00,15919,-21.816,57.676,69.86
2019-02-02 12:45:00,15920,-22.269,57.492,69.97
2019-02-02 13:00:00,15921,-22.781,57.325,70.13
2019-02-02 13:15:00,15922,-23.25,57.139,70.25
2019-02-02 13:30:00,15923,-23.781,56.969,70.43
2019-02-02 13:45:00,15924,-24.269,56.78,70.55
2019-02-02 14:00:00,15925,-24.765,56.643,70.74
2019-02-02 14:15:00,15926,-25.27,56.452,70.88
2019-02-02 14:30:00,15927,-25.786,56.259,71.02
2019-02-02 14:45:00,15928,-26.253,56.101,71.17
2019-02-02 15:00:00,15929,-26.729,55.942,71.32
2019-02-02 15:15:00,15930,-27.214,55.807,71.50
2019-02-02 15:30:00,15931,-27.708,55.619,71.63
2019-02-02 15:45:00,15932,-28.213,55.455,71.79
2019-02-02 16:00:00,15933,-28.727,55.264,71.94
2019-02-02 16:15:00,15934,-29.121,55.12,72.05
2019-02-02 16:30:00,15935,-29.587,54.963,72.19
2019-02-02 16:45:00,15936,-30.063,54.806,72.35
2019-02-02 17:00:00,15937,-30.479,54.684,72.50
2019-02-02 17:15:00,15938,-30.902,54.561,72.65
2019-02-02 17:30:00,15939,-31.261,54.449,72.77
2019-02-02 17:45:00,15940,-31.624,54.337,72.89
2019-02-02 18:00:00,15941,-31.994,54.249,73.05
2019-02-02 18:15:00,15942,-32.369,54.161,73.20
2019-02-02 18:30:00,15943,-32.674,54.033,73.27
2019-02-02 18:45:00,15944,-32.983,53.981,73.42
2019-02-02 19:00:00,15945,-33.218,53.916,73.51
2019-02-02 19:15:00,15946,-33.454,53.877,73.62
2019-02-02 19:30:00,15947,-33.774,53.824,73.78
2019-02-02 19:45:00,15948,-33.936,53.771,73.83
2019-02-02 20:00:00,15949,-34.098,53.744,73.91
2019-02-02 20:15:00,15950,-34.262,53.742,74.01
2019-02-02 20:30:00,15951,-34.427,53.715,74.09
2019-02-02 20:45:00,15952,-34.51,53.727,74.16
2019-02-02 21:00:00,15953,-34.593,53.739,74.22
2019-02-02 21:15:00,15954,-34.677,53.75,74.29
2019-02-02 21:30:00,15955,-34.761,53.788,74.38
2019-02-02 21:45:00,15956,-34.761,53.839,74.43
2019-02-02 22:00:00,15957,-34.761,53.916,74.51
2019-02-02 22:15:00,15958,-34.761,53.967,74.56
2019-02-02 22:30:00,15959,-34.761,54.044,74.64
2019-02-02 22:45:00,15960,-34.677,54.135,74.68
2019-02-02 23:00:00,15961,-34.593,54.226,74.71
2019-02-02 23:15:00,15962,-34.427,54.357,74.73
2019-02-02 23:30:00,15963,-34.262,54.487,74.76
2019-02-02 23:45:00,15964,-34.098,54.617,74.78
